﻿{"paragraphs":[{"config":{"colWidth":12,"graph":{"mode":"table","height":300,"optionOpen":false,"keys":[],"values":[],"groups":[],"scatter":{}},"enabled":true,"editorMode":"ace/mode/markdown","editorHide":true},"settings":{"params":{},"forms":{}},"jobName":"paragraph_1501187201643_475588396","id":"20170727-202641_124809449","dateCreated":"2017-07-27T20:26:41+0000","status":"FINISHED","progressUpdateIntervalMs":500,"focus":true,"$$hashKey":"object:978","text":"%md\n\nQeury examples to show the difference in processing times","dateUpdated":"2017-07-27T20:27:17+0000","dateFinished":"2017-07-27T20:27:15+0000","dateStarted":"2017-07-27T20:27:15+0000","result":{"code":"SUCCESS","type":"HTML","msg":"<p>Qeury examples to show the difference in processing times</p>\n"}},{"config":{"colWidth":12,"graph":{"mode":"table","height":300,"optionOpen":false,"keys":[],"values":[],"groups":[],"scatter":{}},"enabled":true,"editorMode":"ace/mode/scala"},"settings":{"params":{},"forms":{}},"jobName":"paragraph_1501186571197_-358082560","id":"20170727-201611_1130237567","dateCreated":"2017-07-27T20:16:11+0000","status":"FINISHED","progressUpdateIntervalMs":500,"$$hashKey":"object:442","text":"%jdbc(hive)\n\nSELECT count (*)\n  FROM airlinedelays_2\n WHERE month = 1 AND year = 1989","dateUpdated":"2017-07-27T20:23:13+0000","dateFinished":"2017-07-27T20:24:37+0000","dateStarted":"2017-07-27T20:23:13+0000","result":{"code":"SUCCESS","type":"TABLE","msg":"_c0\n440022\n","comment":"","msgTable":[[{"value":"440022"}]],"columnNames":[{"name":"_c0","index":0,"aggr":"sum"}],"rows":[["440022"]]},"focus":true},{"config":{"colWidth":12,"graph":{"mode":"table","height":300,"optionOpen":false,"keys":[{"name":"_c0","index":0,"aggr":"sum"}],"values":[],"groups":[],"scatter":{"xAxis":{"name":"_c0","index":0,"aggr":"sum"}}},"enabled":true},"settings":{"params":{},"forms":{}},"jobName":"paragraph_1501186729354_552495493","id":"20170727-201849_435897518","dateCreated":"2017-07-27T20:18:49+0000","status":"FINISHED","progressUpdateIntervalMs":500,"focus":true,"$$hashKey":"object:631","dateUpdated":"2017-07-27T20:22:58+0000","dateFinished":"2017-07-27T20:22:59+0000","dateStarted":"2017-07-27T20:22:58+0000","result":{"code":"SUCCESS","type":"TABLE","msg":"_c0\n440022\n","comment":"","msgTable":[[{"value":"440022"}]],"columnNames":[{"name":"_c0","index":0,"aggr":"sum"}],"rows":[["440022"]]},"text":"%jdbc(hive)\n\nSELECT count (*)\n  FROM airlinedelays_p\n WHERE month = 1 AND year = 1989"},{"config":{"colWidth":12,"graph":{"mode":"table","height":300,"optionOpen":false,"keys":[],"values":[],"groups":[],"scatter":{}},"enabled":true,"editorMode":"ace/mode/markdown","editorHide":true},"settings":{"params":{},"forms":{}},"jobName":"paragraph_1501186913159_-1480103942","id":"20170727-202153_1568723134","dateCreated":"2017-07-27T20:21:53+0000","status":"FINISHED","progressUpdateIntervalMs":500,"focus":true,"$$hashKey":"object:743","dateUpdated":"2017-07-27T20:27:52+0000","dateFinished":"2017-07-27T20:27:48+0000","dateStarted":"2017-07-27T20:27:48+0000","result":{"code":"SUCCESS","type":"HTML","msg":"<p>Exercise - Try writing a simple query using criteria other than year and month and compare the timings forthe two tables</p>\n"},"text":"%md\n\nExercise - Try writing a simple query using criteria other than year and month and compare the timings forthe two tables"},{"config":{"colWidth":12,"graph":{"mode":"table","height":300,"optionOpen":false,"keys":[],"values":[],"groups":[],"scatter":{}},"enabled":true},"settings":{"params":{},"forms":{}},"jobName":"paragraph_1501187189335_2071526834","id":"20170727-202629_112152444","dateCreated":"2017-07-27T20:26:29+0000","status":"READY","progressUpdateIntervalMs":500,"focus":true,"$$hashKey":"object:884"}],"name":"ps_airlinedelays_p","id":"2CR4MSAG6","angularObjects":{"2BYG9GAN3:shared_process":[],"2C139U1BG:shared_process":[],"2BYWWZJPK:shared_process":[],"2C2VAKPN2:shared_process":[],"2BZC2RPUW:shared_process":[],"2BZQEH9EH:shared_process":[]},"config":{"looknfeel":"default"},"info":{}}