﻿{"paragraphs":[{"text":"%md \n\n#Loading data\n\nIn this demo we are going to demonstrate how to automate the downloading of a set of related files from the Internet\nin an outomated fashion and place them in an HDFS folder.\n\nWe will start by creating the folder\n\n","dateUpdated":"2017-01-23T16:05:54+0000","config":{"enabled":true,"graph":{"mode":"table","height":300,"optionOpen":false,"keys":[],"values":[],"groups":[],"scatter":{}},"editorMode":"ace/mode/markdown","colWidth":12,"editorHide":true},"settings":{"params":{},"forms":{}},"jobName":"paragraph_1485039884044_754098294","id":"20170116-105503_271385757","result":{"code":"SUCCESS","type":"HTML","msg":"<h1>Loading data</h1>\n<p>In this demo we are going to demonstrate how to automate the downloading of a set of related files from the Internet\n<br  />in an outomated fashion and place them in an HDFS folder.</p>\n<p>We will start by creating the folder</p>\n"},"dateCreated":"2017-01-21T11:04:44+0000","status":"FINISHED","progressUpdateIntervalMs":500,"$$hashKey":"object:644","dateFinished":"2017-01-23T16:05:51+0000","dateStarted":"2017-01-23T16:05:51+0000","focus":true},{"text":"%sh\n\nhdfs dfs -mkdir /user/zeppelin/airlinedelays","dateUpdated":"2017-01-21T11:18:55+0000","config":{"colWidth":12,"graph":{"mode":"table","height":300,"optionOpen":false,"keys":[],"values":[],"groups":[],"scatter":{}},"enabled":true,"editorMode":"ace/mode/sh"},"settings":{"params":{},"forms":{}},"jobName":"paragraph_1485040676983_-145698567","id":"20170121-231756_2052652496","dateCreated":"2017-01-21T11:17:56+0000","dateStarted":"2017-01-21T11:18:56+0000","dateFinished":"2017-01-21T11:19:26+0000","status":"FINISHED","progressUpdateIntervalMs":500,"$$hashKey":"object:645","errorMessage":""},{"text":"%md\n###Getting data from the Internt\n\nThe wget command is available inall Linux environments and a windows based version can also be installed\n\nIn its simplest form, it will take two parameters:- the URL of the file you want and a location to staore the downloaded file\n\nAn example is given below, the first parameter, by default is the URL, the second parameter introduced with -O is the location for the downloaded file\n\n","dateUpdated":"2017-01-23T16:05:59+0000","config":{"enabled":true,"graph":{"mode":"table","height":300,"optionOpen":false,"keys":[],"values":[],"groups":[],"scatter":{}},"editorMode":"ace/mode/markdown","colWidth":12,"editorHide":true},"settings":{"params":{},"forms":{}},"jobName":"paragraph_1485039884045_753713545","id":"20170116-105615_174484366","result":{"code":"SUCCESS","type":"HTML","msg":"<h3>Getting data from the Internt</h3>\n<p>The wget command is available inall Linux environments and a windows based version can also be installed</p>\n<p>In its simplest form, it will take two parameters:- the URL of the file you want and a location to staore the downloaded file</p>\n<p>An example is given below, the first parameter, by default is the URL, the second parameter introduced with -O is the location for the downloaded file</p>\n"},"dateCreated":"2017-01-21T11:04:44+0000","dateStarted":"2017-01-23T16:05:58+0000","dateFinished":"2017-01-23T16:05:58+0000","status":"FINISHED","progressUpdateIntervalMs":500,"$$hashKey":"object:646","focus":true},{"text":"%sh\n\nwget http://stat-computing.org/dataexpo/2009/1987.csv.bz2 -O /home/zeppelin/1987.csv.bz2\n\n","dateUpdated":"2017-01-21T11:04:44+0000","config":{"enabled":true,"graph":{"mode":"table","height":300,"optionOpen":false,"keys":[],"values":[],"groups":[],"scatter":{}},"editorMode":"ace/mode/sh","colWidth":12},"settings":{"params":{},"forms":{}},"jobName":"paragraph_1485039884123_737554091","id":"20170106-191814_1113948005","dateCreated":"2017-01-21T11:04:44+0000","status":"READY","errorMessage":"","progressUpdateIntervalMs":500,"$$hashKey":"object:647"},{"text":"%sh\n\nls -l","dateUpdated":"2017-01-21T11:07:16+0000","config":{"enabled":true,"graph":{"mode":"table","height":300,"optionOpen":false,"keys":[],"values":[],"groups":[],"scatter":{}},"editorMode":"ace/mode/sh","colWidth":12},"settings":{"params":{},"forms":{}},"jobName":"paragraph_1485039884124_735630347","id":"20170106-191840_779010319","dateCreated":"2017-01-21T11:04:44+0000","dateStarted":"2017-01-21T11:07:19+0000","dateFinished":"2017-01-21T11:07:21+0000","status":"FINISHED","progressUpdateIntervalMs":500,"$$hashKey":"object:648","errorMessage":""},{"text":"%sh\n\nwget http://stat-computing.org/dataexpo/2009/2008.csv.bz2 -O /home/ukdstrain1/2008.csv.bz2","dateUpdated":"2017-01-21T11:04:44+0000","config":{"enabled":true,"graph":{"mode":"table","height":300,"optionOpen":false,"keys":[],"values":[],"groups":[],"scatter":{}},"colWidth":12},"settings":{"params":{},"forms":{}},"jobName":"paragraph_1485039884125_735245598","id":"20170106-191934_301199554","dateCreated":"2017-01-21T11:04:44+0000","status":"READY","errorMessage":"","progressUpdateIntervalMs":500,"$$hashKey":"object:649"},{"text":"%md\n\nThe downloaded file is compressed in bz2 format. We can use bzip2 to unzip it. the bzip2 program is a standard Linux utility","dateUpdated":"2017-01-21T11:08:52+0000","config":{"colWidth":12,"graph":{"mode":"table","height":300,"optionOpen":false,"keys":[],"values":[],"groups":[],"scatter":{}},"enabled":true,"editorMode":"ace/mode/markdown","editorHide":true},"settings":{"params":{},"forms":{}},"jobName":"paragraph_1485039944087_-726892167","id":"20170121-230544_1819303724","dateCreated":"2017-01-21T11:05:44+0000","dateStarted":"2017-01-21T11:08:47+0000","dateFinished":"2017-01-21T11:08:48+0000","status":"FINISHED","progressUpdateIntervalMs":500,"$$hashKey":"object:650","errorMessage":""},{"text":"%sh\n\nbzip2 -dk /home/zeppelin/1987.csv.bz2","dateUpdated":"2017-01-21T11:08:07+0000","config":{"enabled":true,"graph":{"mode":"table","height":300,"optionOpen":false,"keys":[],"values":[],"groups":[],"scatter":{}},"editorMode":"ace/mode/sh","colWidth":12},"settings":{"params":{},"forms":{}},"jobName":"paragraph_1485039884126_736399845","id":"20170106-192209_1463534766","dateCreated":"2017-01-21T11:04:44+0000","dateStarted":"2017-01-21T11:08:09+0000","dateFinished":"2017-01-21T11:08:10+0000","status":"ERROR","progressUpdateIntervalMs":500,"$$hashKey":"object:651","errorMessage":""},{"text":"%md\n\nWe can look at the beginning of the unzipped file using the head command.\nWe can see that it has a header record","dateUpdated":"2017-01-21T11:11:57+0000","config":{"colWidth":12,"graph":{"mode":"table","height":300,"optionOpen":false,"keys":[],"values":[],"groups":[],"scatter":{}},"enabled":true,"editorMode":"ace/mode/markdown","editorHide":true},"settings":{"params":{},"forms":{}},"jobName":"paragraph_1485040140474_1935645198","id":"20170121-230900_658982100","dateCreated":"2017-01-21T11:09:00+0000","dateStarted":"2017-01-21T11:10:11+0000","dateFinished":"2017-01-21T11:10:11+0000","status":"FINISHED","progressUpdateIntervalMs":500,"$$hashKey":"object:652","errorMessage":""},{"text":"%sh\n\nhead /home/zeppelin/1987.csv","dateUpdated":"2017-01-21T11:04:44+0000","config":{"enabled":true,"graph":{"mode":"table","height":300,"optionOpen":false,"keys":[],"values":[],"groups":[],"scatter":{}},"editorMode":"ace/mode/sh","colWidth":12},"settings":{"params":{},"forms":{}},"jobName":"paragraph_1485039884160_807963140","id":"20170106-193043_543384066","dateCreated":"2017-01-21T11:04:44+0000","status":"READY","errorMessage":"","progressUpdateIntervalMs":500,"$$hashKey":"object:653"},{"text":"%md \nWe can remove the header record with the following snippet of code","dateUpdated":"2017-01-23T16:06:24+0000","config":{"colWidth":12,"graph":{"mode":"table","height":300,"optionOpen":false,"keys":[],"values":[],"groups":[],"scatter":{}},"enabled":true,"editorMode":"ace/mode/markdown","editorHide":true},"settings":{"params":{},"forms":{}},"jobName":"paragraph_1485040219315_-586475788","id":"20170121-231019_1573510113","result":{"code":"SUCCESS","type":"HTML","msg":"<p>We can remove the header record with the following snippet of code</p>\n"},"dateCreated":"2017-01-21T11:10:19+0000","dateStarted":"2017-01-23T16:06:21+0000","dateFinished":"2017-01-23T16:06:21+0000","status":"FINISHED","progressUpdateIntervalMs":500,"$$hashKey":"object:654","focus":true},{"text":"%sh \necho \"$(tail -n +2 1987.csv)\" > 1987.csv","dateUpdated":"2017-01-21T11:04:44+0000","config":{"enabled":true,"graph":{"mode":"table","height":300,"optionOpen":false,"keys":[],"values":[],"groups":[],"scatter":{}},"editorMode":"ace/mode/sh","colWidth":12},"settings":{"params":{},"forms":{}},"jobName":"paragraph_1485039884163_808347889","id":"20170116-175837_1243156721","dateCreated":"2017-01-21T11:04:44+0000","status":"READY","errorMessage":"","progressUpdateIntervalMs":500,"$$hashKey":"object:655"},{"text":"%sh\n\nhead /home/zeppelin/1987.csv","dateUpdated":"2017-01-21T11:04:44+0000","config":{"enabled":true,"graph":{"mode":"table","height":300,"optionOpen":false,"keys":[],"values":[],"groups":[],"scatter":{}},"editorMode":"ace/mode/scala","colWidth":12},"settings":{"params":{},"forms":{}},"jobName":"paragraph_1485039884163_808347889","id":"20170116-175930_1520240889","dateCreated":"2017-01-21T11:04:44+0000","status":"READY","errorMessage":"","progressUpdateIntervalMs":500,"$$hashKey":"object:656"},{"text":"%md\nWe can now move the file to HDFS","dateUpdated":"2017-01-23T16:06:30+0000","config":{"colWidth":12,"graph":{"mode":"table","height":300,"optionOpen":false,"keys":[],"values":[],"groups":[],"scatter":{}},"enabled":true,"editorHide":true},"settings":{"params":{},"forms":{}},"jobName":"paragraph_1485040369164_1277045381","id":"20170121-231249_1380647941","dateCreated":"2017-01-21T11:12:49+0000","status":"FINISHED","progressUpdateIntervalMs":500,"$$hashKey":"object:657","dateFinished":"2017-01-23T16:06:29+0000","dateStarted":"2017-01-23T16:06:29+0000","result":{"code":"SUCCESS","type":"HTML","msg":"<p>We can now move the file to HDFS</p>\n"},"focus":true},{"text":"%sh\n\nhdfs dfs -copyFromLocal /home/zeppelin/1987.csv user/zeppelin/airlinedelays","dateUpdated":"2017-01-21T11:22:50+0000","config":{"colWidth":12,"graph":{"mode":"table","height":300,"optionOpen":false,"keys":[],"values":[],"groups":[],"scatter":{}},"enabled":true,"editorMode":"ace/mode/sh"},"settings":{"params":{},"forms":{}},"jobName":"paragraph_1485040391656_-1177036345","id":"20170121-231311_50713902","dateCreated":"2017-01-21T11:13:11+0000","status":"READY","progressUpdateIntervalMs":500,"$$hashKey":"object:658","errorMessage":""},{"text":"%sh \n","dateUpdated":"2017-01-23T16:07:01+0000","config":{"enabled":true,"graph":{"mode":"table","height":300,"optionOpen":false,"keys":[],"values":[],"groups":[],"scatter":{}},"editorMode":"ace/mode/sh","colWidth":12},"settings":{"params":{},"forms":{}},"jobName":"paragraph_1485039884164_806424145","id":"20170106-193325_1709777673","dateCreated":"2017-01-21T11:04:44+0000","status":"READY","errorMessage":"","progressUpdateIntervalMs":500,"$$hashKey":"object:659"},{"text":"%md\n\nThere is nothing to stop you putting together all of the steps so far as a single section of code in a single cell as shown below.\n\nThe airlines files are available for the years 1987 to 2008. If we wanted a different year we just need to change all of the 1987\nreferences to the new year","dateUpdated":"2017-01-23T16:07:17+0000","config":{"colWidth":12,"graph":{"mode":"table","height":300,"optionOpen":false,"keys":[],"values":[],"groups":[],"scatter":{}},"enabled":true,"editorMode":"ace/mode/markdown","editorHide":true},"settings":{"params":{},"forms":{}},"jobName":"paragraph_1485040984680_1746757034","id":"20170121-232304_1269652809","dateCreated":"2017-01-21T11:23:04+0000","status":"FINISHED","progressUpdateIntervalMs":500,"$$hashKey":"object:660","dateFinished":"2017-01-23T16:07:15+0000","dateStarted":"2017-01-23T16:07:15+0000","result":{"code":"SUCCESS","type":"HTML","msg":"<p>There is nothing to stop you putting together all of the steps so far as a single section of code in a single cell as shown below.</p>\n<p>The airlines files are available for the years 1987 to 2008. If we wanted a different year we just need to change all of the 1987\n<br  />references to the new year</p>\n"},"focus":true},{"text":"%sh \n\nhdfs dfs -mkdir /user/zeppelin/airlinedelays\n\nwget http://stat-computing.org/dataexpo/2009/2000.csv.bz2 -O /home/zeppelin/2000.csv.bz2\nbzip2 -dk /home/zeppelin/2000.csv.bz2\necho \"$(tail -n +2 2000.csv)\" > 2000.csv\nhdfs dfs -copyFromLocal /home/zeppelin/2000.csv user/zeppelin/airlinedelays\n","dateUpdated":"2017-01-23T16:09:43+0000","config":{"colWidth":12,"graph":{"mode":"table","height":300,"optionOpen":false,"keys":[],"values":[],"groups":[],"scatter":{}},"enabled":true,"editorMode":"ace/mode/sh"},"settings":{"params":{},"forms":{}},"jobName":"paragraph_1485041138169_1486833699","id":"20170121-232538_1503719566","dateCreated":"2017-01-21T11:25:38+0000","status":"READY","progressUpdateIntervalMs":500,"$$hashKey":"object:661","errorMessage":""},{"text":"%md\n\nIf we want all of the years, rather than constantly repeating and editing the code, we could create a loop.\nNotice that the creation of the HDFS folder is outside of the loop as it only occurs once.","dateUpdated":"2017-01-23T16:09:54+0000","config":{"colWidth":12,"graph":{"mode":"table","height":300,"optionOpen":false,"keys":[],"values":[],"groups":[],"scatter":{}},"enabled":true,"editorMode":"ace/mode/markdown","editorHide":true},"settings":{"params":{},"forms":{}},"jobName":"paragraph_1485041452600_-1069177482","id":"20170121-233052_164049850","result":{"code":"SUCCESS","type":"HTML","msg":"<p>If we want all of the years, rather than constantly repeating and editing the code, we could create a loop.\n<br  />Notice that the creation of the HDFS folder is outside of the loop as it only occurs once.</p>\n"},"dateCreated":"2017-01-21T11:30:52+0000","dateStarted":"2017-01-23T16:09:52+0000","dateFinished":"2017-01-23T16:09:52+0000","status":"FINISHED","progressUpdateIntervalMs":500,"$$hashKey":"object:662","focus":true},{"text":"%sh\n\nhdfs dfs -mkdir /user/zeppelin/airlinedelays\n\nfor i in {1987..2008}\ndo\n   echo \"wget http://stat-computing.org/dataexpo/2009/$i.csv.bz2 -O /home/zeppelin/$i.csv.bz2\"\n   #wget http://stat-computing.org/dataexpo/2009/$i.csv.bz2 -O /home/zeppelin/$i.csv.bz2\n   bzip2 -dk /home/zeppelin/$i.csv.bz2\n   echo \"$(tail -n +2 $i.csv)\" > $i.csv\n   hdfs dfs -copyFromLocal /home/zeppelin/$i.csv user/zeppelin/airlinedelays\ndone","dateUpdated":"2017-01-21T11:34:51+0000","config":{"enabled":true,"graph":{"mode":"table","height":300,"optionOpen":false,"keys":[],"values":[],"groups":[],"scatter":{}},"editorMode":"ace/mode/sh","colWidth":12},"settings":{"params":{},"forms":{}},"jobName":"paragraph_1485039884165_806039396","id":"20170106-193611_1963452685","dateCreated":"2017-01-21T11:04:44+0000","status":"READY","errorMessage":"","progressUpdateIntervalMs":500,"$$hashKey":"object:663"},{"text":"%md\n\nRather than actually running the above, we will just demonstrate the effect of the looping structure","dateUpdated":"2017-01-23T16:10:12+0000","config":{"colWidth":12,"graph":{"mode":"table","height":300,"optionOpen":false,"keys":[],"values":[],"groups":[],"scatter":{}},"enabled":true,"editorMode":"ace/mode/markdown","editorHide":true},"settings":{"params":{},"forms":{}},"jobName":"paragraph_1485041699994_488426151","id":"20170121-233459_559269113","result":{"code":"SUCCESS","type":"HTML","msg":"<p>Rather than actually running the above, we will just demonstrate the effect of the looping structure</p>\n"},"dateCreated":"2017-01-21T11:34:59+0000","dateStarted":"2017-01-23T16:10:12+0000","dateFinished":"2017-01-23T16:10:12+0000","status":"FINISHED","progressUpdateIntervalMs":500,"$$hashKey":"object:664","focus":true},{"text":"%sh\n\nfor i in {1987..2008}\ndo\n   echo \"wget http://stat-computing.org/dataexpo/2009/$i.csv.bz2 -O /home/zeppelin/$i.csv.bz2\"\n   #wget http://stat-computing.org/dataexpo/2009/$i.csv.bz2 -O /home/zeppelin/$i.csv.bz2\ndone","dateUpdated":"2017-01-21T11:37:09+0000","config":{"colWidth":12,"graph":{"mode":"table","height":300,"optionOpen":false,"keys":[],"values":[],"groups":[],"scatter":{}},"enabled":true,"editorMode":"ace/mode/sh"},"settings":{"params":{},"forms":{}},"jobName":"paragraph_1485041787199_-1291098808","id":"20170121-233627_1911187497","dateCreated":"2017-01-21T11:36:27+0000","dateStarted":"2017-01-21T11:37:09+0000","dateFinished":"2017-01-21T11:37:09+0000","status":"FINISHED","errorMessage":"","progressUpdateIntervalMs":500,"$$hashKey":"object:665"},{"config":{"colWidth":12,"graph":{"mode":"table","height":300,"optionOpen":false,"keys":[],"values":[],"groups":[],"scatter":{}},"enabled":true},"settings":{"params":{},"forms":{}},"jobName":"paragraph_1485041841488_1480860486","id":"20170121-233721_266679706","dateCreated":"2017-01-21T11:37:21+0000","status":"READY","progressUpdateIntervalMs":500,"$$hashKey":"object:666","errorMessage":"","focus":true},{"text":"","dateUpdated":"2017-01-21T11:46:34+0000","config":{"enabled":true,"graph":{"mode":"table","height":300,"optionOpen":false,"keys":[],"values":[],"groups":[],"scatter":{}},"editorMode":"ace/mode/sh","colWidth":12},"settings":{"params":{},"forms":{}},"jobName":"paragraph_1485039884166_807193642","id":"20170106-200934_386184238","dateCreated":"2017-01-21T11:04:44+0000","status":"READY","errorMessage":"","progressUpdateIntervalMs":500,"$$hashKey":"object:667"},{"text":"\n","dateUpdated":"2017-01-21T11:46:48+0000","config":{"enabled":true,"graph":{"mode":"table","height":300,"optionOpen":false,"keys":[],"values":[],"groups":[],"scatter":{}},"editorMode":"ace/mode/scala","colWidth":12},"settings":{"params":{},"forms":{}},"jobName":"paragraph_1485039884167_806808893","id":"20170116-181121_543587834","dateCreated":"2017-01-21T11:04:44+0000","status":"READY","errorMessage":"","progressUpdateIntervalMs":500,"$$hashKey":"object:668"},{"dateUpdated":"2017-01-21T11:04:44+0000","config":{"colWidth":12,"graph":{"mode":"table","height":300,"optionOpen":false,"keys":[],"values":[],"groups":[],"scatter":{}},"enabled":true},"settings":{"params":{},"forms":{}},"jobName":"paragraph_1485039884175_803730902","id":"20170116-181159_287270421","dateCreated":"2017-01-21T11:04:44+0000","status":"READY","errorMessage":"","progressUpdateIntervalMs":500,"$$hashKey":"object:669"}],"name":"ps_Getting_data","id":"2C9D17B8F","angularObjects":{"2BW4S5NJ4:shared_process":[],"2BY1Y2HJG:shared_process":[],"2BVYH21ZJ:shared_process":[],"2BV6637D6:shared_process":[],"2BX5CPDSX:shared_process":[],"2BWHGGFZJ:shared_process":[]},"config":{"looknfeel":"default"},"info":{}}