﻿{"paragraphs":[{"text":"%md\n\n#Returning a JSON file form an API call\n\nThis is simply to illustrate the structure of a JSON file","dateUpdated":"2017-01-21T11:44:07+0000","config":{"colWidth":12,"graph":{"mode":"table","height":300,"optionOpen":false,"keys":[],"values":[],"groups":[],"scatter":{}},"enabled":true,"editorMode":"ace/mode/markdown"},"settings":{"params":{},"forms":{}},"jobName":"paragraph_1485042114721_466275992","id":"20170121-234154_2052195153","result":{"code":"SUCCESS","type":"HTML","msg":"<h1>Returning a JSON file form an API call</h1>\n<p>This is simply to illustrate the structure of a JSON file</p>\n"},"dateCreated":"2017-01-21T11:41:54+0000","dateStarted":"2017-01-21T11:44:07+0000","dateFinished":"2017-01-21T11:44:07+0000","status":"FINISHED","progressUpdateIntervalMs":500,"$$hashKey":"object:249"},{"text":"%sh\n\n\n\nwget http://api.geonames.org/postalCodeCountryInfoJSON?username=PeterSmyth -O pc.json\nhead pc.json","dateUpdated":"2017-01-21T11:44:37+0000","config":{"colWidth":12,"graph":{"mode":"table","height":300,"optionOpen":false,"keys":[],"values":[],"groups":[],"scatter":{}},"enabled":true,"editorMode":"ace/mode/scala"},"settings":{"params":{},"forms":{}},"jobName":"paragraph_1485042158129_1324912944","id":"20170121-234238_1114271600","result":{"code":"SUCCESS","type":"TEXT","msg":"{\"geonames\":[{\"numPostalCodes\":7,\"maxPostalCode\":\"AD700\",\"countryCode\":\"AD\",\"minPostalCode\":\"AD100\",\"countryName\":\"Andorra\"},{\"numPostalCodes\":20260,\"maxPostalCode\":\"9431\",\"countryCode\":\"AR\",\"minPostalCode\":\"1601\",\"countryName\":\"Argentina\"},{\"numPostalCodes\":1,\"maxPostalCode\":\"96799\",\"countryCode\":\"AS\",\"minPostalCode\":\"96799\",\"countryName\":\"American Samoa\"},{\"numPostalCodes\":19055,\"maxPostalCode\":\"9992\",\"countryCode\":\"AT\",\"minPostalCode\":\"1010\",\"countryName\":\"Austria\"},{\"numPostalCodes\":16875,\"maxPostalCode\":\"9944\",\"countryCode\":\"AU\",\"minPostalCode\":\"0200\",\"countryName\":\"Australia\"},{\"numPostalCodes\":37,\"maxPostalCode\":\"22950\",\"countryCode\":\"AX\",\"minPostalCode\":\"22100\",\"countryName\":\"Åland\"},{\"numPostalCodes\":1349,\"maxPostalCode\":\"9461\",\"countryCode\":\"BD\",\"minPostalCode\":\"1000\",\"countryName\":\"Bangladesh\"},{\"numPostalCodes\":3386,\"maxPostalCode\":\"9992\",\"countryCode\":\"BE\",\"minPostalCode\":\"1000\",\"countryName\":\"Belgium\"},{\"numPostalCodes\":5304,\"maxPostalCode\":\"9974\",\"countryCode\":\"BG\",\"minPostalCode\":\"1000\",\"countryName\":\"Bulgaria\"},{\"numPostalCodes\":5525,\"maxPostalCode\":\"99990-000\",\"countryCode\":\"BR\",\"minPostalCode\":\"01000-000\",\"countryName\":\"Brazil\"},{\"numPostalCodes\":1639,\"maxPostalCode\":\"Y1A\",\"countryCode\":\"CA\",\"minPostalCode\":\"A0A\",\"countryName\":\"Canada\"},{\"numPostalCodes\":4577,\"maxPostalCode\":\"9658\",\"countryCode\":\"CH\",\"minPostalCode\":\"1000\",\"countryName\":\"Switzerland\"},{\"numPostalCodes\":3681,\"maxPostalCode\":\"995009\",\"countryCode\":\"CO\",\"minPostalCode\":\"050001\",\"countryName\":\"Colombia\"},{\"numPostalCodes\":473,\"maxPostalCode\":\"70605\",\"countryCode\":\"CR\",\"minPostalCode\":\"10101\",\"countryName\":\"Costa Rica\"},{\"numPostalCodes\":15507,\"maxPostalCode\":\"798 62\",\"countryCode\":\"CZ\",\"minPostalCode\":\"100 00\",\"countryName\":\"Czechia\"},{\"numPostalCodes\":16485,\"maxPostalCode\":\"99998\",\"countryCode\":\"DE\",\"minPostalCode\":\"01067\",\"countryName\":\"Germany\"},{\"numPostalCodes\":1420,\"maxPostalCode\":\"9990\",\"countryCode\":\"DK\",\"minPostalCode\":\"0800\",\"countryName\":\"Denmark\"},{\"numPostalCodes\":544,\"maxPostalCode\":\"11906\",\"countryCode\":\"DO\",\"minPostalCode\":\"10101\",\"countryName\":\"Dominican Republic\"},{\"numPostalCodes\":15951,\"maxPostalCode\":\"48073\",\"countryCode\":\"DZ\",\"minPostalCode\":\"01000\",\"countryName\":\"Algeria\"},{\"numPostalCodes\":37866,\"maxPostalCode\":\"52080\",\"countryCode\":\"ES\",\"minPostalCode\":\"01001\",\"countryName\":\"Spain\"},{\"numPostalCodes\":4119,\"maxPostalCode\":\"99999\",\"countryCode\":\"FI\",\"minPostalCode\":\"00002\",\"countryName\":\"Finland\"},{\"numPostalCodes\":130,\"maxPostalCode\":\"970\",\"countryCode\":\"FO\",\"minPostalCode\":\"100\",\"countryName\":\"Faroe Islands\"},{\"numPostalCodes\":51141,\"maxPostalCode\":\"98799\",\"countryCode\":\"FR\",\"minPostalCode\":\"01000\",\"countryName\":\"France\"},{\"numPostalCodes\":1716138,\"maxPostalCode\":\"ZE3 9JZ\",\"countryCode\":\"GB\",\"minPostalCode\":\"AB10\",\"countryName\":\"United Kingdom\"},{\"numPostalCodes\":77,\"maxPostalCode\":\"97399 CEDEX\",\"countryCode\":\"GF\",\"minPostalCode\":\"97300\",\"countryName\":\"French Guiana\"},{\"numPostalCodes\":8,\"maxPostalCode\":\"GY9\",\"countryCode\":\"GG\",\"minPostalCode\":\"GY1\",\"countryName\":\"Guernsey\"},{\"numPostalCodes\":33,\"maxPostalCode\":\"3992\",\"countryCode\":\"GL\",\"minPostalCode\":\"2412\",\"countryName\":\"Greenland\"},{\"numPostalCodes\":105,\"maxPostalCode\":\"97199 CEDEX\",\"countryCode\":\"GP\",\"minPostalCode\":\"97001 CEDEX\",\"countryName\":\"Guadeloupe\"},{\"numPostalCodes\":865,\"maxPostalCode\":\"859 00\",\"countryCode\":\"GR\",\"minPostalCode\":\"104 31\",\"countryName\":\"Greece\"},{\"numPostalCodes\":548,\"maxPostalCode\":\"22027\",\"countryCode\":\"GT\",\"minPostalCode\":\"01001\",\"countryName\":\"Guatemala\"},{\"numPostalCodes\":23,\"maxPostalCode\":\"96932\",\"countryCode\":\"GU\",\"minPostalCode\":\"96910\",\"countryName\":\"Guam\"},{\"numPostalCodes\":6943,\"maxPostalCode\":\"53296\",\"countryCode\":\"HR\",\"minPostalCode\":\"10000\",\"countryName\":\"Croatia\"},{\"numPostalCodes\":4041,\"maxPostalCode\":\"9985\",\"countryCode\":\"HU\",\"minPostalCode\":\"1011\",\"countryName\":\"Hungary\"},{\"numPostalCodes\":138,\"maxPostalCode\":\"Y35\",\"countryCode\":\"IE\",\"minPostalCode\":\"A41\",\"countryName\":\"Ireland\"},{\"numPostalCodes\":87,\"maxPostalCode\":\"IM9\",\"countryCode\":\"IM\",\"minPostalCode\":\"IM1\",\"countryName\":\"Isle of Man\"},{\"numPostalCodes\":154757,\"maxPostalCode\":\"855117\",\"countryCode\":\"IN\",\"minPostalCode\":\"110001\",\"countryName\":\"India\"},{\"numPostalCodes\":147,\"maxPostalCode\":\"902\",\"countryCode\":\"IS\",\"minPostalCode\":\"101\",\"countryName\":\"Iceland\"},{\"numPostalCodes\":18341,\"maxPostalCode\":\"98168\",\"countryCode\":\"IT\",\"minPostalCode\":\"00010\",\"countryName\":\"Italy\"},{\"numPostalCodes\":4,\"maxPostalCode\":\"JE3\",\"countryCode\":\"JE\",\"minPostalCode\":\"JE1\",\"countryName\":\"Jersey\"},{\"numPostalCodes\":94388,\"maxPostalCode\":\"999-8531\",\"countryCode\":\"JP\",\"minPostalCode\":\"100-0001\",\"countryName\":\"Japan\"},{\"numPostalCodes\":13,\"maxPostalCode\":\"9498\",\"countryCode\":\"LI\",\"minPostalCode\":\"9485\",\"countryName\":\"Liechtenstein\"},{\"numPostalCodes\":1837,\"maxPostalCode\":\"96167\",\"countryCode\":\"LK\",\"minPostalCode\":\"00100\",\"countryName\":\"Sri Lanka\"},{\"numPostalCodes\":20558,\"maxPostalCode\":\"99069\",\"countryCode\":\"LT\",\"minPostalCode\":\"00001\",\"countryName\":\"Lithuania\"},{\"numPostalCodes\":4334,\"maxPostalCode\":\"L-9999\",\"countryCode\":\"LU\",\"minPostalCode\":\"L-1009\",\"countryName\":\"Luxembourg\"},{\"numPostalCodes\":29,\"maxPostalCode\":\"98000\",\"countryCode\":\"MC\",\"minPostalCode\":\"98000\",\"countryName\":\"Monaco\"},{\"numPostalCodes\":1753,\"maxPostalCode\":\"MD-7731\",\"countryCode\":\"MD\",\"minPostalCode\":\"MD-2000\",\"countryName\":\"Moldova\"},{\"numPostalCodes\":2,\"maxPostalCode\":\"96970\",\"countryCode\":\"MH\",\"minPostalCode\":\"96960\",\"countryName\":\"Marshall Islands\"},{\"numPostalCodes\":220,\"maxPostalCode\":\"7550\",\"countryCode\":\"MK\",\"minPostalCode\":\"1000\",\"countryName\":\"Macedonia\"},{\"numPostalCodes\":3,\"maxPostalCode\":\"96952\",\"countryCode\":\"MP\",\"minPostalCode\":\"96950\",\"countryName\":\"Northern Mariana Islands\"},{\"numPostalCodes\":100,\"maxPostalCode\":\"97299 CEDEX\",\"countryCode\":\"MQ\",\"minPostalCode\":\"97200\",\"countryName\":\"Martinique\"},{\"numPostalCodes\":73,\"maxPostalCode\":\"ZTN\",\"countryCode\":\"MT\",\"minPostalCode\":\"ATD\",\"countryName\":\"Malta\"},{\"numPostalCodes\":144361,\"maxPostalCode\":\"99998\",\"countryCode\":\"MX\",\"minPostalCode\":\"01000\",\"countryName\":\"Mexico\"},{\"numPostalCodes\":2818,\"maxPostalCode\":\"98859\",\"countryCode\":\"MY\",\"minPostalCode\":\"01000\",\"countryName\":\"Malaysia\"},{\"numPostalCodes\":66,\"maxPostalCode\":\"98890\",\"countryCode\":\"NC\",\"minPostalCode\":\"98800\",\"countryName\":\"New Caledonia\"},{\"numPostalCodes\":4354,\"maxPostalCode\":\"9999\",\"countryCode\":\"NL\",\"minPostalCode\":\"1011\",\"countryName\":\"Netherlands\"},{\"numPostalCodes\":4735,\"maxPostalCode\":\"9991\",\"countryCode\":\"NO\",\"minPostalCode\":\"0001\",\"countryName\":\"Norway\"},{\"numPostalCodes\":1738,\"maxPostalCode\":\"9893\",\"countryCode\":\"NZ\",\"minPostalCode\":\"0110\",\"countryName\":\"New Zealand\"},{\"numPostalCodes\":2231,\"maxPostalCode\":\"9811\",\"countryCode\":\"PH\",\"minPostalCode\":\"0400\",\"countryName\":\"Philippines\"},{\"numPostalCodes\":11844,\"maxPostalCode\":\"97320\",\"countryCode\":\"PK\",\"minPostalCode\":\"10010\",\"countryName\":\"Pakistan\"},{\"numPostalCodes\":21980,\"maxPostalCode\":\"99-440\",\"countryCode\":\"PL\",\"minPostalCode\":\"00-001\",\"countryName\":\"Poland\"},{\"numPostalCodes\":2,\"maxPostalCode\":\"97500\",\"countryCode\":\"PM\",\"minPostalCode\":\"97500\",\"countryName\":\"Saint Pierre and Miquelon\"},{\"numPostalCodes\":177,\"maxPostalCode\":\"00988\",\"countryCode\":\"PR\",\"minPostalCode\":\"00601\",\"countryName\":\"Puerto Rico\"},{\"numPostalCodes\":316613,\"maxPostalCode\":\"9980-999\",\"countryCode\":\"PT\",\"minPostalCode\":\"1000-001\",\"countryName\":\"Portugal\"},{\"numPostalCodes\":152,\"maxPostalCode\":\"97899 CEDEX\",\"countryCode\":\"RE\",\"minPostalCode\":\"97400\",\"countryName\":\"Réunion\"},{\"numPostalCodes\":13695,\"maxPostalCode\":\"927250\",\"countryCode\":\"RO\",\"minPostalCode\":\"000127\",\"countryName\":\"Romania\"},{\"numPostalCodes\":43538,\"maxPostalCode\":\"901993\",\"countryCode\":\"RU\",\"minPostalCode\":\"101000\",\"countryName\":\"Russia\"},{\"numPostalCodes\":16079,\"maxPostalCode\":\"984 99\",\"countryCode\":\"SE\",\"minPostalCode\":\"100 05\",\"countryName\":\"Sweden\"},{\"numPostalCodes\":556,\"maxPostalCode\":\"9600\",\"countryCode\":\"SI\",\"minPostalCode\":\"1000\",\"countryName\":\"Slovenia\"},{\"numPostalCodes\":8,\"maxPostalCode\":\"9178\",\"countryCode\":\"SJ\",\"minPostalCode\":\"8099\",\"countryName\":\"Svalbard and Jan Mayen\"},{\"numPostalCodes\":4231,\"maxPostalCode\":\"992 01\",\"countryCode\":\"SK\",\"minPostalCode\":\"010 01\",\"countryName\":\"Slovakia\"},{\"numPostalCodes\":26,\"maxPostalCode\":\"47899\",\"countryCode\":\"SM\",\"minPostalCode\":\"47890\",\"countryName\":\"San Marino\"},{\"numPostalCodes\":902,\"maxPostalCode\":\"96220\",\"countryCode\":\"TH\",\"minPostalCode\":\"10100\",\"countryName\":\"Thailand\"},{\"numPostalCodes\":36307,\"maxPostalCode\":\"99970\",\"countryCode\":\"TR\",\"minPostalCode\":\"01010\",\"countryName\":\"Turkey\"},{\"numPostalCodes\":40975,\"maxPostalCode\":\"99950\",\"countryCode\":\"US\",\"minPostalCode\":\"00501\",\"countryName\":\"United States\"},{\"numPostalCodes\":1,\"maxPostalCode\":\"00120\",\"countryCode\":\"VA\",\"minPostalCode\":\"00120\",\"countryName\":\"Vatican City\"},{\"numPostalCodes\":16,\"maxPostalCode\":\"00851\",\"countryCode\":\"VI\",\"minPostalCode\":\"00801\",\"countryName\":\"U.S. Virgin Islands\"},{\"numPostalCodes\":14,\"maxPostalCode\":\"97680\",\"countryCode\":\"YT\",\"minPostalCode\":\"97600\",\"countryName\":\"Mayotte\"},{\"numPostalCodes\":3920,\"maxPostalCode\":\"9992\",\"countryCode\":\"ZA\",\"minPostalCode\":\"0002\",\"countryName\":\"South Africa\"}]}"},"dateCreated":"2017-01-21T11:42:38+0000","dateStarted":"2017-01-21T11:44:37+0000","dateFinished":"2017-01-21T11:44:37+0000","status":"FINISHED","progressUpdateIntervalMs":500,"$$hashKey":"object:250"},{"config":{"colWidth":12,"graph":{"mode":"table","height":300,"optionOpen":false,"keys":[],"values":[],"groups":[],"scatter":{}},"enabled":true,"editorMode":"ace/mode/scala"},"settings":{"params":{},"forms":{}},"jobName":"paragraph_1485042252372_1466823991","id":"20170121-234412_61921033","dateCreated":"2017-01-21T11:44:12+0000","status":"READY","progressUpdateIntervalMs":500,"$$hashKey":"object:251"}],"name":"ps_Get_JSON","id":"2C91FFNVY","angularObjects":{"2BW4S5NJ4:shared_process":[],"2BY1Y2HJG:shared_process":[],"2BVYH21ZJ:shared_process":[],"2BV6637D6:shared_process":[],"2BX5CPDSX:shared_process":[],"2BWHGGFZJ:shared_process":[]},"config":{"looknfeel":"default"},"info":{}}