﻿{"paragraphs":[{"text":"%md\n\n#Loading data into Hive tables\n\nThere are several possibilities.\n\nAmbari provides builin utilities for load file into HDFS and dirctly creating Hive tables from files on the PC.\nHowever these are not as flexible as using commandline HDFS commands and HQL statements\n\nWe can use the %sh and %jdbc(hive) interpreters in Zeppelin to issue HDFS commands and HQL statements\n\n","dateUpdated":"2017-01-21T14:06:30+0000","config":{"colWidth":12,"graph":{"mode":"table","height":300,"optionOpen":false,"keys":[],"values":[],"groups":[],"scatter":{}},"enabled":true,"editorMode":"ace/mode/markdown","editorHide":true},"settings":{"params":{},"forms":{}},"jobName":"paragraph_1484820598848_-1087418515","id":"20170119-100958_318363782","result":{"code":"SUCCESS","type":"HTML","msg":"<h1>Loading data into Hive tables</h1>\n<p>There are several possibilities.</p>\n<p>Ambari provides builin utilities for load file into HDFS and dirctly creating Hive tables from files on the PC.\n<br  />However these are not as flexible as using commandline HDFS commands and HQL statements</p>\n<p>We can use the %sh and %jdbc(hive) interpreters in Zeppelin to issue HDFS commands and HQL statements</p>\n"},"dateCreated":"2017-01-19T10:09:58+0000","dateStarted":"2017-01-21T14:06:27+0000","dateFinished":"2017-01-21T14:06:27+0000","status":"FINISHED","progressUpdateIntervalMs":500,"$$hashKey":"object:4141","focus":true},{"text":"%md \n\n## Scenario 1\n1. Take a file in the local filestore and copy it to HDFS\n2. Create a table description for the file layout, telling Hive where the file is located\n3. This will be an **External** table. Hive controls the metadata (the schema for the table)\n","dateUpdated":"2017-01-21T14:06:39+0000","config":{"colWidth":12,"graph":{"mode":"table","height":300,"optionOpen":false,"keys":[],"values":[],"groups":[],"scatter":{}},"enabled":true,"editorMode":"ace/mode/markdown","editorHide":true},"settings":{"params":{},"forms":{}},"jobName":"paragraph_1484823117774_74540656","id":"20170119-105157_981580908","result":{"code":"SUCCESS","type":"HTML","msg":"<h2>Scenario 1</h2>\n<ol>\n<li>Take a file in the local filestore and copy it to HDFS</li>\n<li>Create a table description for the file layout, telling Hive where the file is located</li>\n<li>This will be an <strong>External</strong> table. Hive controls the metadata (the schema for the table)</li>\n</ol>\n"},"dateCreated":"2017-01-19T10:51:57+0000","dateStarted":"2017-01-21T14:06:37+0000","dateFinished":"2017-01-21T14:06:37+0000","status":"FINISHED","progressUpdateIntervalMs":500,"$$hashKey":"object:4142","focus":true},{"text":"%md\n\nThe file we want to use is the airlines_1987_5000.csv","dateUpdated":"2017-01-21T14:49:25+0000","config":{"colWidth":12,"graph":{"mode":"table","height":300,"optionOpen":false,"keys":[],"values":[],"groups":[],"scatter":{}},"enabled":true,"editorMode":"ace/mode/markdown","editorHide":true},"settings":{"params":{},"forms":{}},"jobName":"paragraph_1484822260474_1852441777","id":"20170119-103740_1156471834","dateCreated":"2017-01-19T10:37:40+0000","status":"FINISHED","progressUpdateIntervalMs":500,"$$hashKey":"object:4143","dateFinished":"2017-01-21T14:06:49+0000","dateStarted":"2017-01-21T14:06:49+0000","result":{"code":"SUCCESS","type":"HTML","msg":"<p>The file we want to use is the airlines_1987_5000.csv</p>\n"},"focus":true},{"text":"%sh\n\nls -l\n","dateUpdated":"2017-01-19T10:32:49+0000","config":{"colWidth":12,"graph":{"mode":"table","height":300,"optionOpen":false,"keys":[],"values":[],"groups":[],"scatter":{}},"enabled":true,"editorMode":"ace/mode/sh"},"settings":{"params":{},"forms":{}},"jobName":"paragraph_1484821956893_-1507229947","id":"20170119-103236_759917905","dateCreated":"2017-01-19T10:32:36+0000","dateStarted":"2017-01-19T10:32:49+0000","dateFinished":"2017-01-19T10:32:49+0000","status":"FINISHED","progressUpdateIntervalMs":500,"$$hashKey":"object:4144","errorMessage":""},{"text":"%md\nJust check the HDFS filestore for zeppelin","dateUpdated":"2017-01-21T14:49:31+0000","config":{"colWidth":12,"graph":{"mode":"table","height":300,"optionOpen":false,"keys":[],"values":[],"groups":[],"scatter":{}},"enabled":true,"editorHide":true},"settings":{"params":{},"forms":{}},"jobName":"paragraph_1484824200573_-972779264","id":"20170119-111000_487449911","dateCreated":"2017-01-19T11:10:00+0000","status":"FINISHED","progressUpdateIntervalMs":500,"$$hashKey":"object:4145","dateFinished":"2017-01-21T14:06:59+0000","dateStarted":"2017-01-21T14:06:59+0000","result":{"code":"SUCCESS","type":"HTML","msg":"<p>Just check the HDFS filestore for zeppelin</p>\n"},"focus":true},{"text":"%sh\n\nhdfs dfs -ls /user/zeppelin/","dateUpdated":"2017-01-18T06:54:46+0000","config":{"colWidth":12,"graph":{"mode":"table","height":300,"optionOpen":false,"keys":[],"values":[],"groups":[],"scatter":{}},"enabled":true,"editorMode":"ace/mode/sh"},"settings":{"params":{},"forms":{}},"jobName":"paragraph_1484764952626_1455597087","id":"20170118-184232_1777681701","dateCreated":"2017-01-18T06:42:32+0000","dateStarted":"2017-01-18T06:54:46+0000","dateFinished":"2017-01-18T06:54:49+0000","status":"FINISHED","errorMessage":"","progressUpdateIntervalMs":500,"$$hashKey":"object:4146"},{"text":"%md\n\nMake a new directory","dateUpdated":"2017-01-21T14:49:40+0000","config":{"colWidth":12,"graph":{"mode":"table","height":300,"optionOpen":false,"keys":[],"values":[],"groups":[],"scatter":{}},"enabled":true,"editorHide":true},"settings":{"params":{},"forms":{}},"jobName":"paragraph_1484824237502_955628196","id":"20170119-111037_715981401","dateCreated":"2017-01-19T11:10:37+0000","status":"FINISHED","progressUpdateIntervalMs":500,"$$hashKey":"object:4147","dateFinished":"2017-01-21T14:49:36+0000","dateStarted":"2017-01-21T14:49:36+0000","result":{"code":"SUCCESS","type":"HTML","msg":"<p>Make a new directory</p>\n"},"focus":true},{"text":"%sh\n\nhdfs dfs -mkdir /user/zeppelin/airline2","dateUpdated":"2017-01-18T06:46:06+0000","config":{"colWidth":12,"graph":{"mode":"table","height":300,"optionOpen":false,"keys":[],"values":[],"groups":[],"scatter":{}},"enabled":true,"editorMode":"ace/mode/sh"},"settings":{"params":{},"forms":{}},"jobName":"paragraph_1484765021061_-221649251","id":"20170118-184341_467714884","dateCreated":"2017-01-18T06:43:41+0000","dateStarted":"2017-01-18T06:46:06+0000","dateFinished":"2017-01-18T06:46:08+0000","status":"FINISHED","errorMessage":"","progressUpdateIntervalMs":500,"$$hashKey":"object:4148"},{"text":"%sh\n\nls -l /home/zeppelin\n","dateUpdated":"2017-01-18T06:54:07+0000","config":{"colWidth":12,"graph":{"mode":"table","height":300,"optionOpen":false,"keys":[],"values":[],"groups":[],"scatter":{}},"enabled":true,"editorMode":"ace/mode/sh"},"settings":{"params":{},"forms":{}},"jobName":"paragraph_1484765124919_2007155154","id":"20170118-184524_409242795","dateCreated":"2017-01-18T06:45:24+0000","dateStarted":"2017-01-18T06:54:07+0000","dateFinished":"2017-01-18T06:54:07+0000","status":"FINISHED","errorMessage":"","progressUpdateIntervalMs":500,"$$hashKey":"object:4149"},{"text":"%md\n\ncopy the file from the local filestore to the HDFS folder just created.","dateUpdated":"2017-01-21T14:49:49+0000","config":{"colWidth":12,"graph":{"mode":"table","height":300,"optionOpen":false,"keys":[],"values":[],"groups":[],"scatter":{}},"enabled":true,"editorMode":"ace/mode/markdown","editorHide":true},"settings":{"params":{},"forms":{}},"jobName":"paragraph_1484824259158_-1623546185","id":"20170119-111059_879478079","dateCreated":"2017-01-19T11:10:59+0000","status":"FINISHED","progressUpdateIntervalMs":500,"$$hashKey":"object:4150","dateFinished":"2017-01-21T14:49:47+0000","dateStarted":"2017-01-21T14:49:47+0000","result":{"code":"SUCCESS","type":"HTML","msg":"<p>copy the file from the local filestore to the HDFS folder just created.</p>\n"},"focus":true},{"text":"%sh \nhdfs dfs -copyFromLocal ~/airlines_1987_5000.csv /user/zeppelin/airline2","dateUpdated":"2017-01-18T06:58:09+0000","config":{"colWidth":12,"graph":{"mode":"table","height":300,"optionOpen":false,"keys":[],"values":[],"groups":[],"scatter":{}},"enabled":true,"editorMode":"ace/mode/sh"},"settings":{"params":{},"forms":{}},"jobName":"paragraph_1484765196247_465389691","id":"20170118-184636_1413906371","dateCreated":"2017-01-18T06:46:36+0000","dateStarted":"2017-01-18T06:58:10+0000","dateFinished":"2017-01-18T06:58:13+0000","status":"FINISHED","errorMessage":"","progressUpdateIntervalMs":500,"$$hashKey":"object:4151"},{"text":"%md\nJust check that it is safely there","dateUpdated":"2017-01-21T14:49:54+0000","config":{"colWidth":12,"graph":{"mode":"table","height":300,"optionOpen":false,"keys":[],"values":[],"groups":[],"scatter":{}},"enabled":true,"editorHide":true},"settings":{"params":{},"forms":{}},"jobName":"paragraph_1484824339320_-596327918","id":"20170119-111219_1460626856","dateCreated":"2017-01-19T11:12:19+0000","status":"FINISHED","progressUpdateIntervalMs":500,"$$hashKey":"object:4152","dateFinished":"2017-01-21T14:49:52+0000","dateStarted":"2017-01-21T14:49:52+0000","result":{"code":"SUCCESS","type":"HTML","msg":"<p>Just check that it is safely there</p>\n"},"focus":true},{"text":"%sh\n\nhdfs dfs -ls /user/zeppelin/airline2","dateUpdated":"2017-01-18T06:58:51+0000","config":{"colWidth":12,"graph":{"mode":"table","height":300,"optionOpen":false,"keys":[],"values":[],"groups":[],"scatter":{}},"enabled":true,"editorMode":"ace/mode/sh"},"settings":{"params":{},"forms":{}},"jobName":"paragraph_1484765856777_-1622127025","id":"20170118-185736_1463075422","dateCreated":"2017-01-18T06:57:36+0000","dateStarted":"2017-01-18T06:58:51+0000","dateFinished":"2017-01-18T06:58:55+0000","status":"FINISHED","errorMessage":"","progressUpdateIntervalMs":500,"$$hashKey":"object:4153"},{"text":"%md\n\nnow create the table definition.","dateUpdated":"2017-01-21T14:50:06+0000","config":{"colWidth":12,"graph":{"mode":"table","height":300,"optionOpen":false,"keys":[],"values":[],"groups":[],"scatter":{}},"enabled":true,"editorMode":"ace/mode/markdown","editorHide":true},"settings":{"params":{},"forms":{}},"jobName":"paragraph_1484824359042_-846784128","id":"20170119-111239_1138284313","dateCreated":"2017-01-19T11:12:39+0000","status":"FINISHED","progressUpdateIntervalMs":500,"$$hashKey":"object:4154","dateFinished":"2017-01-21T14:50:05+0000","dateStarted":"2017-01-21T14:50:05+0000","result":{"code":"SUCCESS","type":"HTML","msg":"<p>now create the table definition.</p>\n"},"focus":true},{"text":"%jdbc(hive)\n\ncreate external table if not exists airline2_5000\n(\nYear\tINT,\nMonth\tINT,\nDayofMonth\tINT,\nDayOfWeek\tINT,\nDepTime\tINT,\nCRSDepTime\tINT,\nArrTime\tINT,\nCRSArrTime\tINT,\nUniqueCarrier\tString,\nFlightNum\tINT,\nTailNum\tString,\nActualElapsedTime\tINT,\nCRSElapsedTime\tINT,\nAirTime\tString,\nArrDelay\tINT,\nDepDelay\tINT,\nOrigin\tString,\nDest\tString,\nDistance\tINT,\nTaxiIn\tString,\nTaxiOut\tString,\nCancelled\tINT,\nCancellationCode\tString,\nDiverted\tINT,\nCarrierDelay\tString,\nWeatherDelay\tString,\nNASDelay\tString,\nSecurityDelay\tString,\nLateAircraftDelay\tString\n)\nROW FORMAT DELIMITED\n           FIELDS TERMINATED BY ','\n           ESCAPED BY '\\\\'\n           LINES TERMINATED BY '\\n'\nSTORED AS TEXTFILE\nLOCATION '/user/zeppelin/airline2'\nTBLPROPERTIES ('skip.header.line.count' = '1')\n","dateUpdated":"2017-01-18T07:12:46+0000","config":{"colWidth":12,"graph":{"mode":"table","height":300,"optionOpen":false,"keys":[],"values":[],"groups":[],"scatter":{}},"enabled":true,"editorMode":"ace/mode/scala"},"settings":{"params":{},"forms":{}},"jobName":"paragraph_1484765931027_-1220910543","id":"20170118-185851_182183253","dateCreated":"2017-01-18T06:58:51+0000","dateStarted":"2017-01-18T07:12:46+0000","dateFinished":"2017-01-18T07:12:46+0000","status":"FINISHED","errorMessage":"","progressUpdateIntervalMs":500,"$$hashKey":"object:4155"},{"text":"%md\n\n##Scenario 2\n1. Create a table definition in Hive\n2. Load data from HDFS into the table\n3. In this case we will create a Managed table","dateUpdated":"2017-01-21T14:50:17+0000","config":{"colWidth":12,"graph":{"mode":"table","height":300,"optionOpen":false,"keys":[],"values":[],"groups":[],"scatter":{}},"enabled":true,"editorMode":"ace/mode/markdown","editorHide":true},"settings":{"params":{},"forms":{}},"jobName":"paragraph_1484824421408_861039619","id":"20170119-111341_1491501713","dateCreated":"2017-01-19T11:13:41+0000","status":"FINISHED","progressUpdateIntervalMs":500,"$$hashKey":"object:4156","dateFinished":"2017-01-21T14:50:15+0000","dateStarted":"2017-01-21T14:50:15+0000","result":{"code":"SUCCESS","type":"HTML","msg":"<h2>Scenario 2</h2>\n<ol>\n<li>Create a table definition in Hive</li>\n<li>Load data from HDFS into the table</li>\n<li>In this case we will create a Managed table</li>\n</ol>\n"},"focus":true},{"text":"%md\nThe table description is very similar except that we don't use the External keyword and we don't give a location","dateUpdated":"2017-01-21T14:50:24+0000","config":{"colWidth":12,"graph":{"mode":"table","height":300,"optionOpen":false,"keys":[],"values":[],"groups":[],"scatter":{}},"enabled":true,"editorMode":"ace/mode/markdown","editorHide":true},"settings":{"params":{},"forms":{}},"jobName":"paragraph_1484824900863_576965236","id":"20170119-112140_695678095","dateCreated":"2017-01-19T11:21:40+0000","status":"FINISHED","progressUpdateIntervalMs":500,"$$hashKey":"object:4157","dateFinished":"2017-01-21T14:50:23+0000","dateStarted":"2017-01-21T14:50:23+0000","result":{"code":"SUCCESS","type":"HTML","msg":"<p>The table description is very similar except that we don't use the External keyword and we don't give a location</p>\n"},"focus":true},{"text":"%jdbc(hive)\n\ncreate table if not exists airline3_5000\n(\nYear\tINT,\nMonth\tINT,\nDayofMonth\tINT,\nDayOfWeek\tINT,\nDepTime\tINT,\nCRSDepTime\tINT,\nArrTime\tINT,\nCRSArrTime\tINT,\nUniqueCarrier\tString,\nFlightNum\tINT,\nTailNum\tString,\nActualElapsedTime\tINT,\nCRSElapsedTime\tINT,\nAirTime\tString,\nArrDelay\tINT,\nDepDelay\tINT,\nOrigin\tString,\nDest\tString,\nDistance\tINT,\nTaxiIn\tString,\nTaxiOut\tString,\nCancelled\tINT,\nCancellationCode\tString,\nDiverted\tINT,\nCarrierDelay\tString,\nWeatherDelay\tString,\nNASDelay\tString,\nSecurityDelay\tString,\nLateAircraftDelay\tString\n)\nROW FORMAT DELIMITED\n           FIELDS TERMINATED BY ','\n           ESCAPED BY '\\\\'\n           LINES TERMINATED BY '\\n'\nSTORED AS TEXTFILE\nTBLPROPERTIES ('skip.header.line.count' = '1')","dateUpdated":"2017-01-19T11:22:52+0000","config":{"colWidth":12,"graph":{"mode":"table","height":300,"optionOpen":false,"keys":[],"values":[],"groups":[],"scatter":{}},"enabled":true,"editorMode":"ace/mode/scala"},"settings":{"params":{},"forms":{}},"jobName":"paragraph_1484824790789_-1979275808","id":"20170119-111950_52442429","dateCreated":"2017-01-19T11:19:50+0000","dateStarted":"2017-01-19T11:22:52+0000","dateFinished":"2017-01-19T11:23:05+0000","status":"FINISHED","progressUpdateIntervalMs":500,"$$hashKey":"object:4158","errorMessage":""},{"text":"%md\nYou can query the table, but it is currently empty","dateUpdated":"2017-01-21T14:50:35+0000","config":{"colWidth":12,"graph":{"mode":"table","height":300,"optionOpen":false,"keys":[],"values":[],"groups":[],"scatter":{}},"enabled":true,"editorMode":"ace/mode/markdown","editorHide":true},"settings":{"params":{},"forms":{}},"jobName":"paragraph_1484826036006_1505223649","id":"20170119-114036_1166456304","dateCreated":"2017-01-19T11:40:36+0000","status":"FINISHED","progressUpdateIntervalMs":500,"$$hashKey":"object:4159","dateFinished":"2017-01-21T14:50:31+0000","dateStarted":"2017-01-21T14:50:31+0000","result":{"code":"SUCCESS","type":"HTML","msg":"<p>You can query the table, but it is currently empty</p>\n"},"focus":true},{"text":"%jdbc(hive)\n\nselect * from airline3_5000","dateUpdated":"2017-01-19T11:37:20+0000","config":{"colWidth":12,"graph":{"mode":"table","height":300,"optionOpen":false,"keys":[],"values":[],"groups":[],"scatter":{}},"enabled":true,"editorMode":"ace/mode/scala"},"settings":{"params":{},"forms":{}},"jobName":"paragraph_1484825557969_711009450","id":"20170119-113237_262873712","dateCreated":"2017-01-19T11:32:37+0000","dateStarted":"2017-01-19T11:37:20+0000","dateFinished":"2017-01-19T11:37:23+0000","status":"FINISHED","progressUpdateIntervalMs":500,"$$hashKey":"object:4160","errorMessage":""},{"config":{"colWidth":12,"graph":{"mode":"table","height":300,"optionOpen":false,"keys":[],"values":[],"groups":[],"scatter":{}},"enabled":true},"settings":{"params":{},"forms":{}},"jobName":"paragraph_1484826076425_-1162579252","id":"20170119-114116_1538706735","dateCreated":"2017-01-19T11:41:16+0000","status":"READY","progressUpdateIntervalMs":500,"$$hashKey":"object:4161","errorMessage":""},{"text":"%jdbc(hive)\n\nLOAD DATA LOCAL INPATH '/home/zeppelin/airlines_1987_5000.csv' OVERWRITE INTO TABLE airline3_5000","dateUpdated":"2017-01-19T11:37:48+0000","config":{"colWidth":12,"graph":{"mode":"table","height":300,"optionOpen":false,"keys":[],"values":[],"groups":[],"scatter":{}},"enabled":true,"editorMode":"ace/mode/scala"},"settings":{"params":{},"forms":{}},"jobName":"paragraph_1484825557473_889532940","id":"20170119-113237_218492817","dateCreated":"2017-01-19T11:32:37+0000","dateStarted":"2017-01-19T11:37:48+0000","dateFinished":"2017-01-19T11:37:50+0000","status":"FINISHED","progressUpdateIntervalMs":500,"$$hashKey":"object:4162","errorMessage":""},{"text":"%jdbc(hive)\n\nselect * from airline3_5000","dateUpdated":"2017-01-19T11:37:55+0000","config":{"colWidth":12,"graph":{"mode":"table","height":300,"optionOpen":false,"keys":[],"values":[],"groups":[],"scatter":{}},"enabled":true},"settings":{"params":{},"forms":{}},"jobName":"paragraph_1484766754247_-986249296","id":"20170118-191234_75324099","dateCreated":"2017-01-18T07:12:34+0000","dateStarted":"2017-01-19T11:37:55+0000","dateFinished":"2017-01-19T11:37:57+0000","status":"FINISHED","progressUpdateIntervalMs":500,"$$hashKey":"object:4163","errorMessage":""},{"text":"%md\n\n##Exercise\n\nIn the folder /home/zeppelin there is file called ZA2.txt. It has 4 fields (columns)\nIt is a 'tab' delimited file, that is it uses the tab character instead of the ',' character to seperate the fields.\nThe file has a header record\n\nBy usin first Ambari views and then using HDFS commands and HQL commands create two Hive tables called ZA3 and ZA4 containing the data from the ZA2.txt file.\nWhat are the pros and cons of the two different methods?\n\nIf you want a quick look at the first few records of the file, you can use the 'head ./ZA2.txt' command (remember to put the %sh on the first line of the notebook cell","dateUpdated":"2017-01-21T14:40:05+0000","config":{"colWidth":12,"graph":{"mode":"table","height":300,"optionOpen":false,"keys":[],"values":[],"groups":[],"scatter":{}},"enabled":true,"editorMode":"ace/mode/markdown","editorHide":true},"settings":{"params":{},"forms":{}},"jobName":"paragraph_1484825875110_1073072368","id":"20170119-113755_1360538684","dateCreated":"2017-01-19T11:37:55+0000","status":"FINISHED","progressUpdateIntervalMs":500,"$$hashKey":"object:4164","dateFinished":"2017-01-21T14:40:02+0000","dateStarted":"2017-01-21T14:40:02+0000","result":{"code":"SUCCESS","type":"HTML","msg":"<h2>Exercise</h2>\n<p>In the folder /home/zeppelin there is file called ZA2.txt. It has 4 fields (columns)\n<br  />It is a 'tab' delimited file, that is it uses the tab character instead of the ',' character to seperate the fields.\n<br  />The file has a header record</p>\n<p>By usin first Ambari views and then using HDFS commands and HQL commands create two Hive tables called ZA3 and ZA4 containing the data from the ZA2.txt file.\n<br  />What are the pros and cons of the two different methods?</p>\n<p>If you want a quick look at the first few records of the file, you can use the 'head ./ZA2.txt' command (remember to put the %sh on the first line of the notebook cell</p>\n"},"focus":true},{"config":{"colWidth":12,"graph":{"mode":"table","height":300,"optionOpen":false,"keys":[],"values":[],"groups":[],"scatter":{}},"enabled":true},"settings":{"params":{},"forms":{}},"jobName":"paragraph_1485007895023_217512911","id":"20170121-141135_481615171","dateCreated":"2017-01-21T14:11:35+0000","status":"READY","progressUpdateIntervalMs":500,"focus":true,"$$hashKey":"object:6118"}],"name":"ps_Hive_loaddata","id":"2C7EH7SS9","angularObjects":{"2BW4S5NJ4:shared_process":[],"2BY1Y2HJG:shared_process":[],"2BVYH21ZJ:shared_process":[],"2BV6637D6:shared_process":[],"2BX5CPDSX:shared_process":[],"2BWHGGFZJ:shared_process":[]},"config":{"looknfeel":"default"},"info":{}}