﻿{"paragraphs":[{"text":"%md\n\n#Table Joins\nIn any relational database system, the ability to join tables together is a key querying requirement.\nJoins are used to combine the rows from two (or more) tables together to form a single table. A join between tables will only be possible if they have at least one column in common. The column doesn’t have to have the same name in each table, and quite often they won’t, but they do have to have a common usage. For example, in the geography table there is the anonid column and in the elec or gas tables there is the anon_id column in both cases they represent an anonymised household.\n\n###There are several different types of join possible.\n\n**Inner Join**\t- Matched rows in both tables are returned\n**Left outer join**\t- All row in the left hand table are returned along with the matches from the right hand table or NULLs if there is no match\n**Right outer join** -\tAll row in the right hand table are returned along with the matches from the left hand table or NULLs if there is no match\n**Full outer join**\t - All rows from both tables are returned, with NULLs where there are no matches\n**Cross Join**\t\n\nBy far the inner join is the most commonly used. The outer joins can be useful for exploring or discovering missing data. The cross join is rarely used and could create extremely large tables.\n","dateUpdated":"2017-01-18T05:16:10+0000","config":{"colWidth":12,"graph":{"mode":"table","height":300,"optionOpen":false,"keys":[],"values":[],"groups":[],"scatter":{}},"enabled":true,"editorMode":"ace/mode/markdown","editorHide":true},"settings":{"params":{},"forms":{}},"jobName":"paragraph_1484759471991_-83997204","id":"20170118-171111_870491209","result":{"code":"SUCCESS","type":"HTML","msg":"<h1>Table Joins</h1>\n<p>In any relational database system, the ability to join tables together is a key querying requirement.\n<br  />Joins are used to combine the rows from two (or more) tables together to form a single table. A join between tables will only be possible if they have at least one column in common. The column doesn’t have to have the same name in each table, and quite often they won’t, but they do have to have a common usage. For example, in the geography table there is the anonid column and in the elec or gas tables there is the anon_id column in both cases they represent an anonymised household.</p>\n<h3>There are several different types of join possible.</h3>\n<p><strong>Inner Join</strong>  - Matched rows in both tables are returned\n<br  /><strong>Left outer join</strong> - All row in the left hand table are returned along with the matches from the right hand table or NULLs if there is no match\n<br  /><strong>Right outer join</strong> -  All row in the right hand table are returned along with the matches from the left hand table or NULLs if there is no match\n<br  /><strong>Full outer join</strong>  - All rows from both tables are returned, with NULLs where there are no matches\n<br  /><strong>Cross Join</strong></p>\n<p>By far the inner join is the most commonly used. The outer joins can be useful for exploring or discovering missing data. The cross join is rarely used and could create extremely large tables.</p>\n"},"dateCreated":"2017-01-18T05:11:11+0000","dateStarted":"2017-01-18T05:15:58+0000","dateFinished":"2017-01-18T05:16:00+0000","status":"FINISHED","progressUpdateIntervalMs":500,"$$hashKey":"object:9993"},{"text":"%md\n\nQ1 Is the most common type of join and returns only records from each table where the keys match.","dateUpdated":"2017-01-18T05:19:32+0000","config":{"colWidth":12,"graph":{"mode":"table","height":300,"optionOpen":false,"keys":[],"values":[],"groups":[],"scatter":{}},"enabled":true,"editorMode":"ace/mode/markdown"},"settings":{"params":{},"forms":{}},"jobName":"paragraph_1484759757760_1143562513","id":"20170118-171557_1574682436","result":{"code":"SUCCESS","type":"HTML","msg":"<p>Q1 Is the most common type of join and returns only records from each table where the keys match.</p>\n"},"dateCreated":"2017-01-18T05:15:57+0000","dateStarted":"2017-01-18T05:19:32+0000","dateFinished":"2017-01-18T05:19:32+0000","status":"FINISHED","progressUpdateIntervalMs":500,"$$hashKey":"object:9994"},{"text":"%jdbc(hive)\n\n-- Q1\nSELECT e.anon_id, g.anon_id\n  FROM distinct_elec_c AS e JOIN distinct_gas_c AS g ON e.anon_id = g.anon_id\n","dateUpdated":"2017-01-18T05:20:21+0000","config":{"colWidth":12,"graph":{"mode":"table","height":300,"optionOpen":false,"keys":[],"values":[],"groups":[],"scatter":{}},"enabled":true,"editorMode":"ace/mode/scala"},"settings":{"params":{},"forms":{}},"jobName":"paragraph_1484759972247_1814086256","id":"20170118-171932_1350157243","result":{"code":"SUCCESS","type":"TABLE","msg":"e.anon_id\tg.anon_id\n10801\t10801\n11184\t11184\n11545\t11545\n11648\t11648\n12002\t12002\n12045\t12045\n12198\t12198\n1230\t1230\n12342\t12342\n12803\t12803\n13652\t13652\n13779\t13779\n13895\t13895\n1434\t1434\n14532\t14532\n14608\t14608\n14634\t14634\n14697\t14697\n14737\t14737\n14855\t14855\n15006\t15006\n15220\t15220\n15572\t15572\n15751\t15751\n15878\t15878\n15995\t15995\n16132\t16132\n16155\t16155\n16217\t16217\n1694\t1694\n2139\t2139\n2213\t2213\n2221\t2221\n239\t239\n2727\t2727\n2745\t2745\n2882\t2882\n327\t327\n3645\t3645\n3661\t3661\n3969\t3969\n4249\t4249\n4314\t4314\n4341\t4341\n4520\t4520\n4635\t4635\n4855\t4855\n4920\t4920\n5778\t5778\n5814\t5814\n5866\t5866\n5909\t5909\n6032\t6032\n642\t642\n6587\t6587\n680\t680\n6814\t6814\n715\t715\n7490\t7490\n7633\t7633\n772\t772\n8390\t8390\n8622\t8622\n8745\t8745\n9466\t9466\n9482\t9482\n9589\t9589\n985\t985\n","comment":"","msgTable":[[{"key":"g.anon_id","value":"10801"},{"key":"g.anon_id","value":"10801"}],[{"value":"11184"},{"value":"11184"}],[{"value":"11545"},{"value":"11545"}],[{"value":"11648"},{"value":"11648"}],[{"value":"12002"},{"value":"12002"}],[{"value":"12045"},{"value":"12045"}],[{"value":"12198"},{"value":"12198"}],[{"value":"1230"},{"value":"1230"}],[{"value":"12342"},{"value":"12342"}],[{"value":"12803"},{"value":"12803"}],[{"value":"13652"},{"value":"13652"}],[{"value":"13779"},{"value":"13779"}],[{"value":"13895"},{"value":"13895"}],[{"value":"1434"},{"value":"1434"}],[{"value":"14532"},{"value":"14532"}],[{"value":"14608"},{"value":"14608"}],[{"value":"14634"},{"value":"14634"}],[{"value":"14697"},{"value":"14697"}],[{"value":"14737"},{"value":"14737"}],[{"value":"14855"},{"value":"14855"}],[{"value":"15006"},{"value":"15006"}],[{"value":"15220"},{"value":"15220"}],[{"value":"15572"},{"value":"15572"}],[{"value":"15751"},{"value":"15751"}],[{"value":"15878"},{"value":"15878"}],[{"value":"15995"},{"value":"15995"}],[{"value":"16132"},{"value":"16132"}],[{"value":"16155"},{"value":"16155"}],[{"value":"16217"},{"value":"16217"}],[{"value":"1694"},{"value":"1694"}],[{"value":"2139"},{"value":"2139"}],[{"value":"2213"},{"value":"2213"}],[{"value":"2221"},{"value":"2221"}],[{"value":"239"},{"value":"239"}],[{"value":"2727"},{"value":"2727"}],[{"value":"2745"},{"value":"2745"}],[{"value":"2882"},{"value":"2882"}],[{"value":"327"},{"value":"327"}],[{"value":"3645"},{"value":"3645"}],[{"value":"3661"},{"value":"3661"}],[{"value":"3969"},{"value":"3969"}],[{"value":"4249"},{"value":"4249"}],[{"value":"4314"},{"value":"4314"}],[{"value":"4341"},{"value":"4341"}],[{"value":"4520"},{"value":"4520"}],[{"value":"4635"},{"value":"4635"}],[{"value":"4855"},{"value":"4855"}],[{"value":"4920"},{"value":"4920"}],[{"value":"5778"},{"value":"5778"}],[{"value":"5814"},{"value":"5814"}],[{"value":"5866"},{"value":"5866"}],[{"value":"5909"},{"value":"5909"}],[{"value":"6032"},{"value":"6032"}],[{"value":"642"},{"value":"642"}],[{"value":"6587"},{"value":"6587"}],[{"value":"680"},{"value":"680"}],[{"value":"6814"},{"value":"6814"}],[{"value":"715"},{"value":"715"}],[{"value":"7490"},{"value":"7490"}],[{"value":"7633"},{"value":"7633"}],[{"value":"772"},{"value":"772"}],[{"value":"8390"},{"value":"8390"}],[{"value":"8622"},{"value":"8622"}],[{"value":"8745"},{"value":"8745"}],[{"value":"9466"},{"value":"9466"}],[{"value":"9482"},{"value":"9482"}],[{"value":"9589"},{"value":"9589"}],[{"value":"985"},{"value":"985"}]],"columnNames":[{"name":"e.anon_id","index":0,"aggr":"sum"},{"name":"g.anon_id","index":1,"aggr":"sum"}],"rows":[["10801","10801"],["11184","11184"],["11545","11545"],["11648","11648"],["12002","12002"],["12045","12045"],["12198","12198"],["1230","1230"],["12342","12342"],["12803","12803"],["13652","13652"],["13779","13779"],["13895","13895"],["1434","1434"],["14532","14532"],["14608","14608"],["14634","14634"],["14697","14697"],["14737","14737"],["14855","14855"],["15006","15006"],["15220","15220"],["15572","15572"],["15751","15751"],["15878","15878"],["15995","15995"],["16132","16132"],["16155","16155"],["16217","16217"],["1694","1694"],["2139","2139"],["2213","2213"],["2221","2221"],["239","239"],["2727","2727"],["2745","2745"],["2882","2882"],["327","327"],["3645","3645"],["3661","3661"],["3969","3969"],["4249","4249"],["4314","4314"],["4341","4341"],["4520","4520"],["4635","4635"],["4855","4855"],["4920","4920"],["5778","5778"],["5814","5814"],["5866","5866"],["5909","5909"],["6032","6032"],["642","642"],["6587","6587"],["680","680"],["6814","6814"],["715","715"],["7490","7490"],["7633","7633"],["772","772"],["8390","8390"],["8622","8622"],["8745","8745"],["9466","9466"],["9482","9482"],["9589","9589"],["985","985"]]},"dateCreated":"2017-01-18T05:19:32+0000","dateStarted":"2017-01-18T05:20:21+0000","dateFinished":"2017-01-18T05:23:30+0000","status":"FINISHED","progressUpdateIntervalMs":500,"$$hashKey":"object:9995"},{"text":"%md\n\nQ2 Returns all records from both tables using NULL for missing values.","dateUpdated":"2017-01-18T05:24:39+0000","config":{"colWidth":12,"graph":{"mode":"table","height":300,"optionOpen":false,"keys":[],"values":[],"groups":[],"scatter":{}},"enabled":true,"editorMode":"ace/mode/markdown"},"settings":{"params":{},"forms":{}},"jobName":"paragraph_1484760062535_162248670","id":"20170118-172102_286769341","result":{"code":"SUCCESS","type":"HTML","msg":"<p>Q2 Returns all records from both tables using NULL for missing values.</p>\n"},"dateCreated":"2017-01-18T05:21:02+0000","dateStarted":"2017-01-18T05:24:40+0000","dateFinished":"2017-01-18T05:24:40+0000","status":"FINISHED","progressUpdateIntervalMs":500,"$$hashKey":"object:9996"},{"text":"%jdbc(hive)\n\n--Q2\nSELECT e.anon_id, g.anon_id\n  FROM distinct_elec_c AS e\n       FULL OUTER JOIN distinct_gas_c AS g ON e.anon_id = g.anon_id","dateUpdated":"2017-01-18T05:24:50+0000","config":{"colWidth":12,"graph":{"mode":"table","height":300,"optionOpen":false,"keys":[],"values":[],"groups":[],"scatter":{}},"enabled":true,"editorMode":"ace/mode/scala"},"settings":{"params":{},"forms":{}},"jobName":"paragraph_1484760062300_460429068","id":"20170118-172102_43709331","result":{"code":"SUCCESS","type":"TABLE","msg":"e.anon_id\tg.anon_id\n138\tnull\n239\t239\n327\t327\n623\tnull\n642\t642\n680\t680\n715\t715\n750\tnull\n772\t772\n985\t985\n1230\t1230\n1434\t1434\n1501\tnull\n1694\t1694\n1820\tnull\n2071\tnull\n2139\t2139\n2155\tnull\n2213\t2213\n2221\t2221\n2406\tnull\n2659\tnull\n2727\t2727\n2745\t2745\n2882\t2882\n3335\tnull\n3645\t3645\n3661\t3661\n3969\t3969\n4249\t4249\n4314\t4314\n4341\t4341\n4382\tnull\n4520\t4520\n4635\t4635\n4691\tnull\n4743\tnull\n4855\t4855\n4920\t4920\n5351\tnull\n5778\t5778\n5814\t5814\n5831\tnull\n5866\t5866\n5909\t5909\n6032\t6032\n6123\tnull\n6587\t6587\n6753\tnull\n6814\t6814\n7074\tnull\n7094\tnull\n7490\t7490\n7633\t7633\n8390\t8390\n8622\t8622\n8703\tnull\n8745\t8745\n9466\t9466\n9482\t9482\n9589\t9589\n10187\tnull\n10335\tnull\n10448\tnull\n10582\tnull\n10612\tnull\n10743\tnull\n10801\t10801\n11184\t11184\n11545\t11545\n11628\tnull\n11648\t11648\n11928\tnull\n12002\t12002\n12045\t12045\n12198\t12198\n12342\t12342\n12745\tnull\n12803\t12803\n13456\tnull\n13494\tnull\n13556\tnull\n13652\t13652\n13779\t13779\n13895\t13895\n13999\tnull\n14298\tnull\n14532\t14532\n14585\tnull\n14604\tnull\n14608\t14608\n14634\t14634\n14697\t14697\n14719\tnull\n14737\t14737\n14855\t14855\n15006\t15006\n15220\t15220\n15261\tnull\n15572\t15572\n15751\t15751\n15878\t15878\n15995\t15995\n16132\t16132\n16155\t16155\n16208\tnull\n16217\t16217\n","comment":"","msgTable":[[{"key":"g.anon_id","value":"138"},{"key":"g.anon_id","value":"null"}],[{"value":"239"},{"value":"239"}],[{"value":"327"},{"value":"327"}],[{"value":"623"},{"value":"null"}],[{"value":"642"},{"value":"642"}],[{"value":"680"},{"value":"680"}],[{"value":"715"},{"value":"715"}],[{"value":"750"},{"value":"null"}],[{"value":"772"},{"value":"772"}],[{"value":"985"},{"value":"985"}],[{"value":"1230"},{"value":"1230"}],[{"value":"1434"},{"value":"1434"}],[{"value":"1501"},{"value":"null"}],[{"value":"1694"},{"value":"1694"}],[{"value":"1820"},{"value":"null"}],[{"value":"2071"},{"value":"null"}],[{"value":"2139"},{"value":"2139"}],[{"value":"2155"},{"value":"null"}],[{"value":"2213"},{"value":"2213"}],[{"value":"2221"},{"value":"2221"}],[{"value":"2406"},{"value":"null"}],[{"value":"2659"},{"value":"null"}],[{"value":"2727"},{"value":"2727"}],[{"value":"2745"},{"value":"2745"}],[{"value":"2882"},{"value":"2882"}],[{"value":"3335"},{"value":"null"}],[{"value":"3645"},{"value":"3645"}],[{"value":"3661"},{"value":"3661"}],[{"value":"3969"},{"value":"3969"}],[{"value":"4249"},{"value":"4249"}],[{"value":"4314"},{"value":"4314"}],[{"value":"4341"},{"value":"4341"}],[{"value":"4382"},{"value":"null"}],[{"value":"4520"},{"value":"4520"}],[{"value":"4635"},{"value":"4635"}],[{"value":"4691"},{"value":"null"}],[{"value":"4743"},{"value":"null"}],[{"value":"4855"},{"value":"4855"}],[{"value":"4920"},{"value":"4920"}],[{"value":"5351"},{"value":"null"}],[{"value":"5778"},{"value":"5778"}],[{"value":"5814"},{"value":"5814"}],[{"value":"5831"},{"value":"null"}],[{"value":"5866"},{"value":"5866"}],[{"value":"5909"},{"value":"5909"}],[{"value":"6032"},{"value":"6032"}],[{"value":"6123"},{"value":"null"}],[{"value":"6587"},{"value":"6587"}],[{"value":"6753"},{"value":"null"}],[{"value":"6814"},{"value":"6814"}],[{"value":"7074"},{"value":"null"}],[{"value":"7094"},{"value":"null"}],[{"value":"7490"},{"value":"7490"}],[{"value":"7633"},{"value":"7633"}],[{"value":"8390"},{"value":"8390"}],[{"value":"8622"},{"value":"8622"}],[{"value":"8703"},{"value":"null"}],[{"value":"8745"},{"value":"8745"}],[{"value":"9466"},{"value":"9466"}],[{"value":"9482"},{"value":"9482"}],[{"value":"9589"},{"value":"9589"}],[{"value":"10187"},{"value":"null"}],[{"value":"10335"},{"value":"null"}],[{"value":"10448"},{"value":"null"}],[{"value":"10582"},{"value":"null"}],[{"value":"10612"},{"value":"null"}],[{"value":"10743"},{"value":"null"}],[{"value":"10801"},{"value":"10801"}],[{"value":"11184"},{"value":"11184"}],[{"value":"11545"},{"value":"11545"}],[{"value":"11628"},{"value":"null"}],[{"value":"11648"},{"value":"11648"}],[{"value":"11928"},{"value":"null"}],[{"value":"12002"},{"value":"12002"}],[{"value":"12045"},{"value":"12045"}],[{"value":"12198"},{"value":"12198"}],[{"value":"12342"},{"value":"12342"}],[{"value":"12745"},{"value":"null"}],[{"value":"12803"},{"value":"12803"}],[{"value":"13456"},{"value":"null"}],[{"value":"13494"},{"value":"null"}],[{"value":"13556"},{"value":"null"}],[{"value":"13652"},{"value":"13652"}],[{"value":"13779"},{"value":"13779"}],[{"value":"13895"},{"value":"13895"}],[{"value":"13999"},{"value":"null"}],[{"value":"14298"},{"value":"null"}],[{"value":"14532"},{"value":"14532"}],[{"value":"14585"},{"value":"null"}],[{"value":"14604"},{"value":"null"}],[{"value":"14608"},{"value":"14608"}],[{"value":"14634"},{"value":"14634"}],[{"value":"14697"},{"value":"14697"}],[{"value":"14719"},{"value":"null"}],[{"value":"14737"},{"value":"14737"}],[{"value":"14855"},{"value":"14855"}],[{"value":"15006"},{"value":"15006"}],[{"value":"15220"},{"value":"15220"}],[{"value":"15261"},{"value":"null"}],[{"value":"15572"},{"value":"15572"}],[{"value":"15751"},{"value":"15751"}],[{"value":"15878"},{"value":"15878"}],[{"value":"15995"},{"value":"15995"}],[{"value":"16132"},{"value":"16132"}],[{"value":"16155"},{"value":"16155"}],[{"value":"16208"},{"value":"null"}],[{"value":"16217"},{"value":"16217"}]],"columnNames":[{"name":"e.anon_id","index":0,"aggr":"sum"},{"name":"g.anon_id","index":1,"aggr":"sum"}],"rows":[["138","null"],["239","239"],["327","327"],["623","null"],["642","642"],["680","680"],["715","715"],["750","null"],["772","772"],["985","985"],["1230","1230"],["1434","1434"],["1501","null"],["1694","1694"],["1820","null"],["2071","null"],["2139","2139"],["2155","null"],["2213","2213"],["2221","2221"],["2406","null"],["2659","null"],["2727","2727"],["2745","2745"],["2882","2882"],["3335","null"],["3645","3645"],["3661","3661"],["3969","3969"],["4249","4249"],["4314","4314"],["4341","4341"],["4382","null"],["4520","4520"],["4635","4635"],["4691","null"],["4743","null"],["4855","4855"],["4920","4920"],["5351","null"],["5778","5778"],["5814","5814"],["5831","null"],["5866","5866"],["5909","5909"],["6032","6032"],["6123","null"],["6587","6587"],["6753","null"],["6814","6814"],["7074","null"],["7094","null"],["7490","7490"],["7633","7633"],["8390","8390"],["8622","8622"],["8703","null"],["8745","8745"],["9466","9466"],["9482","9482"],["9589","9589"],["10187","null"],["10335","null"],["10448","null"],["10582","null"],["10612","null"],["10743","null"],["10801","10801"],["11184","11184"],["11545","11545"],["11628","null"],["11648","11648"],["11928","null"],["12002","12002"],["12045","12045"],["12198","12198"],["12342","12342"],["12745","null"],["12803","12803"],["13456","null"],["13494","null"],["13556","null"],["13652","13652"],["13779","13779"],["13895","13895"],["13999","null"],["14298","null"],["14532","14532"],["14585","null"],["14604","null"],["14608","14608"],["14634","14634"],["14697","14697"],["14719","null"],["14737","14737"],["14855","14855"],["15006","15006"],["15220","15220"],["15261","null"],["15572","15572"],["15751","15751"],["15878","15878"],["15995","15995"],["16132","16132"],["16155","16155"],["16208","null"],["16217","16217"]]},"dateCreated":"2017-01-18T05:21:02+0000","dateStarted":"2017-01-18T05:24:50+0000","dateFinished":"2017-01-18T05:25:03+0000","status":"FINISHED","progressUpdateIntervalMs":500,"$$hashKey":"object:9997"},{"text":"%md\n\nQ3 - Q5 Create tables using three different join types. These tables represent 'Dual', 'ElecOnly' and 'GasOnly' users.","dateUpdated":"2017-01-18T05:25:44+0000","config":{"colWidth":12,"graph":{"mode":"table","height":300,"optionOpen":false,"keys":[],"values":[],"groups":[],"scatter":{}},"enabled":true,"editorMode":"ace/mode/markdown"},"settings":{"params":{},"forms":{}},"jobName":"paragraph_1484760061810_-925436470","id":"20170118-172101_1039117687","result":{"code":"SUCCESS","type":"HTML","msg":"<p>Q3 - Q5 Create tables using three different join types. These tables represent 'Dual', 'ElecOnly' and 'GasOnly' users.</p>\n"},"dateCreated":"2017-01-18T05:21:01+0000","dateStarted":"2017-01-18T05:25:44+0000","dateFinished":"2017-01-18T05:25:44+0000","status":"FINISHED","progressUpdateIntervalMs":500,"$$hashKey":"object:9998"},{"text":"%jdbc(hive)\n\n--Q3\nCREATE TABLE dual_fueltypes\nAS\n   SELECT e.anon_id\n     FROM distinct_elec_c AS e\n          JOIN distinct_gas_c AS g ON e.anon_id = g.anon_id","dateUpdated":"2017-01-18T05:28:01+0000","config":{"colWidth":12,"graph":{"mode":"table","height":300,"optionOpen":false,"keys":[],"values":[],"groups":[],"scatter":{}},"enabled":true,"editorMode":"ace/mode/scala"},"settings":{"params":{},"forms":{}},"jobName":"paragraph_1484760061687_-976608074","id":"20170118-172101_1260976515","result":{"code":"SUCCESS","type":"TABLE","msg":"Update Count\n-1\n","comment":"","msgTable":[[{"value":"-1"}]],"columnNames":[{"name":"Update Count","index":0,"aggr":"sum"}],"rows":[["-1"]]},"dateCreated":"2017-01-18T05:21:01+0000","dateStarted":"2017-01-18T05:28:01+0000","dateFinished":"2017-01-18T05:32:04+0000","status":"FINISHED","progressUpdateIntervalMs":500,"$$hashKey":"object:9999"},{"text":"%jdbc(hive)\n\n--Q4\nCREATE TABLE elec_fueltypes\nAS\n   SELECT e.anon_id\n     FROM distinct_elec_c AS e\n          LEFT OUTER JOIN distinct_gas_c AS g ON e.anon_id = g.anon_id\n    WHERE g.anon_id IS NULL","dateUpdated":"2017-01-18T05:29:01+0000","config":{"colWidth":12,"graph":{"mode":"table","height":300,"optionOpen":false,"keys":[],"values":[],"groups":[],"scatter":{}},"enabled":true,"editorMode":"ace/mode/scala"},"settings":{"params":{},"forms":{}},"jobName":"paragraph_1484760369209_-1822040970","id":"20170118-172609_86425298","result":{"code":"SUCCESS","type":"TABLE","msg":"Update Count\n-1\n","comment":"","msgTable":[[{"value":"-1"}]],"columnNames":[{"name":"Update Count","index":0,"aggr":"sum"}],"rows":[["-1"]]},"dateCreated":"2017-01-18T05:26:09+0000","dateStarted":"2017-01-18T05:29:01+0000","dateFinished":"2017-01-18T05:34:40+0000","status":"FINISHED","progressUpdateIntervalMs":500,"$$hashKey":"object:10000"},{"text":"%jdbc(hive)\n\n--Q5\nCREATE TABLE gas_fueltypes\nAS\n   SELECT g.anon_id\n     FROM distinct_elec_c AS e\n          RIGHT OUTER JOIN distinct_gas_c AS g ON e.anon_id = g.anon_id\n    WHERE e.anon_id IS NULL","dateUpdated":"2017-01-18T05:29:03+0000","config":{"colWidth":12,"graph":{"mode":"table","height":300,"optionOpen":false,"keys":[],"values":[],"groups":[],"scatter":{}},"enabled":true,"editorMode":"ace/mode/scala"},"settings":{"params":{},"forms":{}},"jobName":"paragraph_1484760419953_-980702395","id":"20170118-172659_1154783314","result":{"code":"SUCCESS","type":"TABLE","msg":"Update Count\n-1\n","comment":"","msgTable":[[{"value":"-1"}]],"columnNames":[{"name":"Update Count","index":0,"aggr":"sum"}],"rows":[["-1"]]},"dateCreated":"2017-01-18T05:26:59+0000","dateStarted":"2017-01-18T05:29:03+0000","dateFinished":"2017-01-18T05:36:14+0000","status":"FINISHED","progressUpdateIntervalMs":500,"$$hashKey":"object:10001"},{"config":{"colWidth":12,"graph":{"mode":"table","height":300,"optionOpen":false,"keys":[],"values":[],"groups":[],"scatter":{}},"enabled":true,"editorMode":"ace/mode/scala"},"settings":{"params":{},"forms":{}},"jobName":"paragraph_1484760368032_1633019477","id":"20170118-172608_1759921475","dateCreated":"2017-01-18T05:26:08+0000","status":"READY","progressUpdateIntervalMs":500,"$$hashKey":"object:10002"},{"text":"%md\nQ6 - Q8 Give the record counts for each of the tables.\n","dateUpdated":"2017-01-18T05:36:04+0000","config":{"colWidth":12,"graph":{"mode":"table","height":300,"optionOpen":false,"keys":[],"values":[],"groups":[],"scatter":{}},"enabled":true,"editorHide":true,"editorMode":"ace/mode/markdown"},"settings":{"params":{},"forms":{}},"jobName":"paragraph_1484760061412_-687661650","id":"20170118-172101_860439664","result":{"code":"SUCCESS","type":"HTML","msg":"<p>Q6 - Q8 Give the record counts for each of the tables.</p>\n"},"dateCreated":"2017-01-18T05:21:01+0000","dateStarted":"2017-01-18T05:35:58+0000","dateFinished":"2017-01-18T05:35:58+0000","status":"FINISHED","progressUpdateIntervalMs":500,"$$hashKey":"object:10003"},{"text":"%jdbc(hive)\n\n--Q6\nSELECT count (*) FROM dual_fueltypes\n\n","dateUpdated":"2017-01-18T05:36:30+0000","config":{"colWidth":12,"graph":{"mode":"table","height":300,"optionOpen":false,"keys":[],"values":[],"groups":[],"scatter":{}},"enabled":true,"editorMode":"ace/mode/scala"},"settings":{"params":{},"forms":{}},"jobName":"paragraph_1484760060931_-796545589","id":"20170118-172100_510206906","result":{"code":"SUCCESS","type":"TABLE","msg":"_c0\n68\n","comment":"","msgTable":[[{"value":"68"}]],"columnNames":[{"name":"_c0","index":0,"aggr":"sum"}],"rows":[["68"]]},"dateCreated":"2017-01-18T05:21:00+0000","dateStarted":"2017-01-18T05:36:30+0000","dateFinished":"2017-01-18T05:36:31+0000","status":"FINISHED","progressUpdateIntervalMs":500,"$$hashKey":"object:10004"},{"text":"%jdbc(hive)\n\n--Q7\nSELECT count (*) FROM elec_fueltypes\n","dateUpdated":"2017-01-18T05:37:30+0000","config":{"colWidth":12,"graph":{"mode":"table","height":300,"optionOpen":false,"keys":[],"values":[],"groups":[],"scatter":{}},"enabled":true,"editorHide":false,"editorMode":"ace/mode/scala"},"settings":{"params":{},"forms":{}},"jobName":"paragraph_1484760060772_-539918073","id":"20170118-172100_1192845141","result":{"code":"SUCCESS","type":"TABLE","msg":"_c0\n39\n","comment":"","msgTable":[[{"value":"39"}]],"columnNames":[{"name":"_c0","index":0,"aggr":"sum"}],"rows":[["39"]]},"dateCreated":"2017-01-18T05:21:00+0000","dateStarted":"2017-01-18T05:37:30+0000","dateFinished":"2017-01-18T05:37:32+0000","status":"FINISHED","progressUpdateIntervalMs":500,"$$hashKey":"object:10005"},{"text":"%jdbc(hive)\n\n--Q8\nSELECT count (*) FROM gas_fueltypes","dateUpdated":"2017-01-18T05:37:41+0000","config":{"colWidth":12,"graph":{"mode":"table","height":300,"optionOpen":false,"keys":[],"values":[],"groups":[],"scatter":{}},"enabled":true,"editorMode":"ace/mode/scala"},"settings":{"params":{},"forms":{}},"jobName":"paragraph_1484760060053_-349467367","id":"20170118-172100_2141671254","result":{"code":"SUCCESS","type":"TABLE","msg":"_c0\n0\n","comment":"","msgTable":[[{"value":"0"}]],"columnNames":[{"name":"_c0","index":0,"aggr":"sum"}],"rows":[["0"]]},"dateCreated":"2017-01-18T05:21:00+0000","dateStarted":"2017-01-18T05:37:41+0000","dateFinished":"2017-01-18T05:37:42+0000","status":"FINISHED","progressUpdateIntervalMs":500,"$$hashKey":"object:10006"},{"text":"%md\n\nQ9 Is a query we have used before and tells us how many 'Dual', 'ElecOnly' and 'GasOnly' users are in the geog_c table.\n\nYou will see by comparing results that the figures don't quite match.\n","dateUpdated":"2017-01-18T05:33:42+0000","config":{"colWidth":12,"graph":{"mode":"table","height":300,"optionOpen":false,"keys":[],"values":[],"groups":[],"scatter":{}},"enabled":true,"editorMode":"ace/mode/markdown"},"settings":{"params":{},"forms":{}},"jobName":"paragraph_1484760675548_-1470163769","id":"20170118-173115_1427892496","result":{"code":"SUCCESS","type":"HTML","msg":"<p>Q9 Is a query we have used before and tells us how many 'Dual', 'ElecOnly' and 'GasOnly' users are in the geog_c table.</p>\n<p>You will see by comparing results that the figures don't quite match.</p>\n"},"dateCreated":"2017-01-18T05:31:15+0000","dateStarted":"2017-01-18T05:33:42+0000","dateFinished":"2017-01-18T05:33:42+0000","status":"FINISHED","progressUpdateIntervalMs":500,"$$hashKey":"object:10007"},{"text":"%jdbc(hive)\n\n--Q9\nSELECT fueltypes, count (*)\n    FROM geog_c\nGROUP BY fueltypes","dateUpdated":"2017-01-18T05:38:30+0000","config":{"colWidth":12,"graph":{"mode":"table","height":300,"optionOpen":false,"keys":[],"values":[],"groups":[],"scatter":{}},"enabled":true,"editorMode":"ace/mode/scala"},"settings":{"params":{},"forms":{}},"jobName":"paragraph_1484760675261_-1162749397","id":"20170118-173115_264118019","result":{"code":"SUCCESS","type":"TABLE","msg":"fueltypes\t_c1\nDual\t69\nElecOnly\t38\n","comment":"","msgTable":[[{"key":"_c1","value":"Dual"},{"key":"_c1","value":"69"}],[{"value":"ElecOnly"},{"value":"38"}]],"columnNames":[{"name":"fueltypes","index":0,"aggr":"sum"},{"name":"_c1","index":1,"aggr":"sum"}],"rows":[["Dual","69"],["ElecOnly","38"]]},"dateCreated":"2017-01-18T05:31:15+0000","dateStarted":"2017-01-18T05:38:30+0000","dateFinished":"2017-01-18T05:43:13+0000","status":"FINISHED","progressUpdateIntervalMs":500,"$$hashKey":"object:10008"},{"config":{"colWidth":12,"graph":{"mode":"table","height":300,"optionOpen":false,"keys":[],"values":[],"groups":[],"scatter":{}},"enabled":true,"editorMode":"ace/mode/scala"},"settings":{"params":{},"forms":{}},"jobName":"paragraph_1484760853096_-1639024208","id":"20170118-173413_1077194659","dateCreated":"2017-01-18T05:34:13+0000","status":"READY","progressUpdateIntervalMs":500,"$$hashKey":"object:10009"},{"text":"%md\nQ10 and Q11 use subqueries to find out which users appear to be incorrectly described.","dateUpdated":"2017-01-18T05:39:10+0000","config":{"colWidth":12,"graph":{"mode":"table","height":300,"optionOpen":false,"keys":[],"values":[],"groups":[],"scatter":{}},"enabled":true,"editorMode":"ace/mode/markdown","editorHide":true},"settings":{"params":{},"forms":{}},"jobName":"paragraph_1484760674326_-1096957335","id":"20170118-173114_118316194","result":{"code":"SUCCESS","type":"HTML","msg":"<p>Q10 and Q11 use subqueries to find out which users appear to be incorrectly described.</p>\n"},"dateCreated":"2017-01-18T05:31:14+0000","dateStarted":"2017-01-18T05:39:07+0000","dateFinished":"2017-01-18T05:39:07+0000","status":"FINISHED","progressUpdateIntervalMs":500,"$$hashKey":"object:10010"},{"text":"%jdbc(hive)\n\n--Q10 \nSELECT g.anonid \n  FROM geog_c g\n WHERE g.fueltypes = \"Dual\" and g.anonid NOT IN (SELECT anon_id FROM dual_fueltypes)","dateUpdated":"2017-01-18T05:40:22+0000","config":{"colWidth":12,"graph":{"mode":"table","height":300,"optionOpen":false,"keys":[],"values":[],"groups":[],"scatter":{}},"enabled":true,"editorMode":"ace/mode/scala"},"settings":{"params":{},"forms":{}},"jobName":"paragraph_1484760673949_1864085524","id":"20170118-173113_577370515","result":{"code":"SUCCESS","type":"TABLE","msg":"g.anonid\n1501\n","comment":"","msgTable":[[{"value":"1501"}]],"columnNames":[{"name":"g.anonid","index":0,"aggr":"sum"}],"rows":[["1501"]]},"dateCreated":"2017-01-18T05:31:13+0000","dateStarted":"2017-01-18T05:40:22+0000","dateFinished":"2017-01-18T05:45:58+0000","status":"FINISHED","progressUpdateIntervalMs":500,"$$hashKey":"object:10011"},{"text":"%jdbc(hive)\n\n--Q11\nSELECT anon_id  \n  FROM elec_fueltypes\n WHERE anon_id NOT IN (SELECT anonid FROM geog_c where fueltypes = \"ElecOnly\")","dateUpdated":"2017-01-18T05:40:31+0000","config":{"colWidth":12,"graph":{"mode":"table","height":300,"optionOpen":false,"keys":[],"values":[],"groups":[],"scatter":{}},"enabled":true,"editorMode":"ace/mode/scala"},"settings":{"params":{},"forms":{}},"jobName":"paragraph_1484760673637_2070310934","id":"20170118-173113_551711992","result":{"code":"SUCCESS","type":"TABLE","msg":"anon_id\n1501\n","comment":"","msgTable":[[{"value":"1501"}]],"columnNames":[{"name":"anon_id","index":0,"aggr":"sum"}],"rows":[["1501"]]},"dateCreated":"2017-01-18T05:31:13+0000","dateStarted":"2017-01-18T05:40:31+0000","dateFinished":"2017-01-18T05:47:28+0000","status":"FINISHED","progressUpdateIntervalMs":500,"$$hashKey":"object:10012"},{"config":{"colWidth":12,"graph":{"mode":"table","height":300,"optionOpen":false,"keys":[],"values":[],"groups":[],"scatter":{}},"enabled":true,"editorMode":"ace/mode/scala"},"settings":{"params":{},"forms":{}},"jobName":"paragraph_1484760058808_-1249395044","id":"20170118-172058_1147395649","dateCreated":"2017-01-18T05:20:58+0000","status":"READY","progressUpdateIntervalMs":500,"$$hashKey":"object:10013"},{"config":{"colWidth":12,"graph":{"mode":"table","height":300,"optionOpen":false,"keys":[],"values":[],"groups":[],"scatter":{}},"enabled":true,"editorMode":"ace/mode/scala"},"settings":{"params":{},"forms":{}},"jobName":"paragraph_1484759987766_-1733283278","id":"20170118-171947_1258178125","dateCreated":"2017-01-18T05:19:47+0000","status":"READY","progressUpdateIntervalMs":500,"$$hashKey":"object:10014"}],"name":"ps_hive_joins","id":"2C6XS243N","angularObjects":{"2BW4S5NJ4:shared_process":[],"2BY1Y2HJG:shared_process":[],"2BVYH21ZJ:shared_process":[],"2BV6637D6:shared_process":[],"2BX5CPDSX:shared_process":[],"2BWHGGFZJ:shared_process":[]},"config":{"looknfeel":"default"},"info":{}}