﻿{"paragraphs":[{"text":"%md\n\nThis is the same code as in the saved query partitioned table in Ambari Hive view","dateUpdated":"2017-01-25T11:00:55+0000","config":{"colWidth":12,"graph":{"mode":"table","height":300,"optionOpen":false,"keys":[],"values":[],"groups":[],"scatter":{}},"enabled":true,"editorMode":"ace/mode/markdown","editorHide":true},"settings":{"params":{},"forms":{}},"jobName":"paragraph_1485341942202_1875755080","id":"20170125-105902_1404284640","result":{"code":"SUCCESS","type":"HTML","msg":"<p>This is the same code as in the saved query partitioned table in Ambari Hive view</p>\n"},"dateCreated":"2017-01-25T10:59:02+0000","dateStarted":"2017-01-25T11:00:33+0000","dateFinished":"2017-01-25T11:00:33+0000","status":"FINISHED","progressUpdateIntervalMs":500,"$$hashKey":"object:1090"},{"text":"%jdbc(hive)\n\ndrop table elec_dates_partitioned;\n\nCREATE EXTERNAL TABLE elec_dates_partitioned\n(\n   anon_id           INT,\n   advancedatetime   STRING,\n   hh                INT,\n   eleckwh           DOUBLE,\n   day               INT,\n   fulldate          STRING\n)\nPARTITIONED BY\n   (month INT,\n    year INT)\nROW FORMAT DELIMITED FIELDS TERMINATED BY ','\nSTORED AS TEXTFILE\nLOCATION 'hdfs://sandbox.hortonworks.com:8020/user/ukdstrain1/elec_dates_partitioned';\n\n\nSET hive.exec.dynamic.partition = TRUE;\n\nSET hive.exec.dynamic.partition.mode = nonstrict;\n\n\nINSERT INTO TABLE elec_dates_partitioned PARTITION (month, year)\n   SELECT e.anon_id,\n          e.advancedatetime,\n          e.hh,\n          e.eleckwh,\n          e.day,\n          e.fulldate,\n          e.month,\n          e.year\n     FROM elec_dates e;\n\n\n-- queries\n\nSELECT count (*)\n  FROM elec_dates\n WHERE month = 1 AND year = 2009;\n\nSELECT count (*)\n  FROM elec_dates_partitioned\n WHERE month = 1 AND year = 2009;","dateUpdated":"2017-01-25T11:01:27+0000","config":{"colWidth":12,"graph":{"mode":"table","height":300,"optionOpen":false,"keys":[],"values":[],"groups":[],"scatter":{}},"enabled":true,"editorMode":"ace/mode/scala"},"settings":{"params":{},"forms":{}},"jobName":"paragraph_1485342033447_-144287204","id":"20170125-110033_1095471059","dateCreated":"2017-01-25T11:00:33+0000","status":"READY","progressUpdateIntervalMs":500,"$$hashKey":"object:1091"},{"text":"%md\n\n## Exercise\n\n1.\tBased on the example above create a managed partition table for the geog_all table with a single partition of fueltypes.\n2.\tAgain, based on the example populate the partitioned table from the geog_all table.\n3.\tCheck HDFS (using the Ambari view) to show that there are 3 partition folders.\n","dateUpdated":"2017-01-25T11:03:48+0000","config":{"colWidth":12,"graph":{"mode":"table","height":300,"optionOpen":false,"keys":[],"values":[],"groups":[],"scatter":{}},"enabled":true,"editorMode":"ace/mode/markdown"},"settings":{"params":{},"forms":{}},"jobName":"paragraph_1485342091450_-409101717","id":"20170125-110131_1777049732","dateCreated":"2017-01-25T11:01:31+0000","status":"READY","progressUpdateIntervalMs":500,"$$hashKey":"object:1092"}],"name":"ps_partitioned_tables","id":"2C6EDNJ8S","angularObjects":{"2BW4S5NJ4:shared_process":[],"2BY1Y2HJG:shared_process":[],"2BVYH21ZJ:shared_process":[],"2BV6637D6:shared_process":[],"2BX5CPDSX:shared_process":[],"2BWHGGFZJ:shared_process":[]},"config":{"looknfeel":"default"},"info":{}}